"","CASE","REF","CO01","correct_total_pt","correct_percent_pt","Per_Know","E_Trust","Per_Sev","Per_SE","Per_Vuln","correct_total_kt","correct_percent_kt","Sex","DE02_01","Edu1","Edu_other","Job","Job_othr","Anstllung","Anst_offen","Input","ITSJOB","PK1","PK2","ET1","ET2","ET3","PS1","PS2","PS3","PV1","PV2","PV3","SE1","SE2","SE3","Phish_Vic_Count","KT01","KT02","KT05","KT07","KT09","KT10","KT14","KT15","KT16","KT17","PTP5","PTP6","PTP9","PTP10","PTE4","PTE5","PTE7","PTE10","TIME001","TIME002","TIME003","TIME004","TIME005","TIME006","TIME007","TIME008","TIME009","TIME010","TIME011","TIME012","TIME013","TIME014","TIME015","TIME016","TIME017","TIME018","TIME019","TIME020","TIME021","TIME022","TIME023","TIME024","TIME_SUM","LASTPAGE","MAXPAGE","DEG_TIME"
"1",87,"test",1,5,63,2.5,4,3,3.666666667,2.666666667,4,40,2,54,3,NA,7,NA,4,NA,NA,3,2,3,4,3,5,2,4,3,2,4,2,3,5,3,1,1,2,1,1,2,2,1,1,1,2,1,2,1,2,1,2,1,1,7,4,9,14,3,4,5,3,2,2,2,4,4,2,2,2,2,2,5,13,6,2,5,1,105,24,24,342
"2",89,"test",1,5,63,2,3.333333333,3,4,3.333333333,6,60,2,28,6,NA,5,NA,4,NA,NA,3,2,-9,2,5,3,2,4,3,2,5,3,2,5,5,1,2,1,1,2,2,1,1,2,1,1,1,2,1,2,1,2,1,1,3,3,10,15,2,7,4,3,3,2,1,3,3,2,2,2,3,1,2,7,2,6,2,2,90,24,24,355
"3",120,"lnkd",1,7,88,4.5,2.666666667,6,2,4.333333333,8,80,1,22,8,NA,1,NA,3,NA,NA,5,5,4,3,2,3,6,6,6,5,4,4,2,2,2,2,1,2,2,2,2,1,2,2,1,1,2,2,2,1,1,1,1,1,3,8,21,64,20,28,24,13,23,18,7,20,22,14,110,8,34,2,18,5,23,25,2,2,514,24,24,58
"4",156,"mph",1,4,50,6,1,6,6,5,8,80,2,35,8,NA,11,NA,4,NA,NA,1,6,6,1,1,1,6,6,6,6,5,4,6,6,6,2,1,2,2,2,2,2,2,2,2,1,2,2,2,2,2,2,2,2,12917,25,50,113,28,59,47,12,321,19,23,27,23,23,23,29,20,6,3,7,35,12,8,3,922,24,24,26
"5",159,"mph",1,7,88,5,3,6,4,3,9,90,2,43,6,NA,4,NA,4,NA,NA,1,5,5,3,3,3,6,6,6,3,3,3,4,4,4,2,2,2,1,2,2,2,2,2,1,1,2,2,1,2,1,1,1,1,5,8,64,73,8,29,38,10,15,9,8,9,8,15,13,22,5,3,9,11,16,10,14,4,406,24,24,72
"6",160,"mph",1,3,38,4,2.333333333,6,4,4.666666667,8,80,2,45,8,NA,10,NA,4,NA,NA,5,4,4,3,2,2,6,6,6,5,5,4,4,4,4,2,1,2,2,2,2,2,2,2,2,1,2,2,2,1,2,2,2,2,3,11,59,161,44,81,56,12,77,41,22,39,76,27,26,39,667,4,28,11,109,35,14,9,1010,24,24,8
"7",161,"mph",1,8,100,6,1,6,5.666666667,2,8,80,1,37,6,NA,7,NA,4,NA,NA,1,6,6,1,1,1,6,6,6,2,2,2,5,6,6,2,1,2,2,2,2,2,2,2,2,1,2,2,2,2,1,1,1,1,2,9,70,114,10,65,96,50,99,76,10,43,17,18,49,39,18,2,14,5,58,58,6,3,931,24,24,27
"8",174,"mph",1,4,50,5.5,1.333333333,6,5,3.333333333,9,90,2,24,7,NA,1,NA,2,NA,"Moin!
Zu den Bilder-Fragen:
Bilder allein machen es leider recht schwer, wirklich eine Überprüfung der E-Mails zu machen.
Bspw. sehe ich mir IMMER vor dem anklicken eines Links die wahre Zieladresse an. Im Thunderbird wird diese direkt in einer unteren Ecke angezeigt. Wenn der Link also nicht identisch ist ODER eine Adresse aufweist, die nicht sinnvoll erscheint, ist klar, dass es sich um Phishing handelt. Das kann man halt von einem Bild nicht absehen, außer dem Deutsche-Bank-Bild, wobei da auch Rechtschreibfehler zum Ausschluss führten.
Oft habe ich ""Würde nicht klicken"" angeklickt, da bspw. wie bei der Slack-Information von mir aus ja eine Aktion im voraus notwendig gewesen ist. Wenn man wirklich mit dem entsprechenden Gerät sich eingeloggt hat, weiß man eher dass es richtig ist, als wenn man da nichts gemacht hat. Wenn so eine Aufforderung zum PW-Wechsel also ""einfach so"" auftaucht, logge ich mich im entsprechenden Dienst ein ohne den Link zu benutzen. Ich rufe die Webseite selbstständig auf, kann im Firefox das Zertifikat anschauen und letztlich das Passwort ändern.

Zu der Frage, ob häufiges PW-Wechseln den Schutz erhöht: Hier wurde gesagt, dass dem nicht so ist, weil es zu häufigem Doppelt-Nutzen eines Passwortes führt.
Naja, aber auch nur dann, wenn man kein Passwort-Generator & -Manager nutzt. Dort könnte ich praktisch täglich das Passwort wechseln lassen, um zu verhindern, dass ein Account mehr als 24h im schlimmsten Fall übernommen wird.
ABER da gibts dann halt noch eine wichtige Sache: Zwei-Faktor-Authentifizierung.
Ich finde sie extrem nervig und aufwändig, da ich selten mein Handy in der Nähe habe, aber ich verstehe das es sinnvoll ist.
Das wurde hier gar nicht berücksichtigt.

D.h.: Die Bilder-Fragen sind eher semi-optimal, rein optisch können Mails auch super seriös sein, und trotzdem falsch verlinken.
Gerne können Sie mich über oliver@blackblast.de dazu anschreiben :)",5,6,5,1,2,1,6,6,6,4,3,3,5,6,4,2,2,2,1,2,2,2,2,2,1,1,2,2,2,1,1,2,2,2,753,12,70,96,28,68,56,52,68,43,19,22,115,53,219,48,39,14,31,8,29,36,16,498,966,24,24,3
"9",181,"mph",1,7,88,6,1.666666667,6,5,2,5,50,1,38,4,NA,7,NA,6,NA,NA,5,6,6,1,3,1,6,6,6,3,2,1,5,5,5,2,1,2,1,1,2,1,2,2,2,1,2,2,2,2,1,2,1,1,3,45,108,244,60,203,83,96,25,14,17,23,39,80,38,228,173,12,42,10,37,21,53,5,1309,24,24,10
"10",182,"mph",1,5,63,4.5,1.666666667,5.666666667,5.333333333,5,10,100,2,45,8,NA,11,NA,4,NA,"Das Thema ist finde ich schwer in einer Umfrage zu testen. Bei der Rechnung aus China kommt es auf den Kontext an (gab es eine passende Bestellung), bei anderen Beispielen würde man z.B. die URL prüfen (""Copy URL"" statt nur auf den Link klicken) oder die jeweilige Webseite direkt aufrufen. 

Viel Erfolg noch!",4,5,4,2,2,1,6,5,6,6,3,6,5,5,6,2,2,2,2,2,2,2,2,2,1,1,2,2,2,1,1,2,1,2,22,2197,62,194,21,74,44,41,101,142,47,18,63,162,85,20,51,5,22,20,19,54,25,168,1313,24,24,6
"11",185,"mph",1,6,75,6,2.333333333,6,4.333333333,2.333333333,8,80,2,15,9,NA,1,NA,1,NA,NA,1,6,6,3,1,3,6,6,6,2,3,2,6,4,3,2,2,2,1,1,2,2,2,2,1,1,2,2,2,2,2,2,1,1,6,57,49,96,13,48,32,19,38,9,9,7,26,17,37,7,7,2,17,1,6,30,8,7,548,24,24,61
"12",193,"mph",1,5,63,4,1.666666667,6,3,3.333333333,8,80,2,30,7,NA,10,NA,4,NA,"Zum Erkennen der Phishing-E-Mails kommt es natürlich auch immer auf den Kontext an. Wenn ich eine Änderung in einem Online Zugang oder Account vornehme, erwarte ich auch diesbezüglich eine Mail von dem Anbieter. Trifft dies allerdings nicht zu, so muss es eine Phishing-E-Mail sein. Diese Vorgehsweise war hier offensichtlich nicht zu erkennen.",5,4,4,2,2,1,6,6,6,5,2,3,3,3,3,2,1,2,2,2,2,2,2,2,2,1,2,2,2,1,1,2,1,2,10,24,128,181,27,67,56,32,98,44,25,19,91,45,63,76,39,12,26,22,49,44,21,418,1204,24,24,1
"13",195,"mph",1,NA,NA,6,1,6,6,4,8,80,2,32,7,NA,4,NA,4,NA,NA,4,6,6,1,1,1,6,6,6,6,3,3,6,6,6,2,1,2,2,2,2,2,2,2,2,1,1,2,2,2,2,2,1,1,22,24,74,86,21,49,43,14,58,59,16,17,41,49,42,24,25,7,4,7,NA,NA,NA,NA,682,20,20,15
"14",198,"frnd",1,4,50,4,3.333333333,4.333333333,3.666666667,4.666666667,7,70,1,27,8,NA,10,NA,6,NA,NA,5,4,4,4,2,4,4,4,5,4,5,5,4,4,3,2,2,2,1,1,2,2,2,2,2,1,2,2,2,1,2,2,2,1,59,442,91,201,83,72,85,53,1948,32,19,25,52,56,28,56,38,6,27,20,130,61,23,13,1252,24,24,0
"15",208,"mph",1,7,88,5.5,4,6,4.666666667,4,6,60,2,35,5,NA,9,NA,4,NA,NA,1,6,5,4,4,4,6,6,6,4,4,4,5,4,5,2,1,2,1,1,2,2,2,2,2,1,2,2,2,2,1,2,1,1,4,16,160,128,10,37,54,19,43,30,9,8,48,15,28,18,22,1,2,12,8,19,16,14,721,24,24,55
"16",214,"mph",1,4,50,5,1.333333333,6,5.666666667,3,9,90,2,52,6,NA,8,NA,6,NA,"Anmerkung zur Einschätzung von Phishing-Mails:
eine Mail für echt halten und in einer Mail auf einen Link klicken sind für mich zwei verschiedene Dinge. IdR reicht es mir, mich auf herkömmlichen Weg in meinen Account einzuloggen um geforderte Änderungen vorzunehmen oder ich prüfe die Mail in der Textausgabe um den Link zu verifizieren. 
Die Optionen glaubhaft/nicht-glaubhaft wären treffender.",4,5,5,1,1,2,6,6,6,6,2,1,6,6,5,2,2,2,2,2,2,2,2,2,2,1,2,2,2,2,2,2,2,2,2,22,121,180,70,44,66,23,92,6,17,10,68,12,17,13,5,4,20,15,25,27,10,353,874,24,24,35
"17",217,"mph",1,6,75,6,2.666666667,6,6,1.666666667,9,90,2,20,7,NA,1,NA,3,NA,NA,3,6,6,1,3,4,6,6,6,2,2,1,6,6,6,2,2,2,1,2,2,2,2,2,1,1,2,2,2,1,2,1,1,1,22,5,36,70,41,29,27,40,41,41,22,37,43,19,41,29,44,6,19,4,16,11,9,1,653,24,24,31
"18",225,"mph",1,7,88,5.5,1.666666667,6,5,3,8,80,2,20,7,NA,1,NA,3,NA,NA,5,5,6,2,2,1,6,6,6,4,3,2,5,5,5,2,2,2,1,2,2,1,2,2,1,1,2,2,2,1,1,1,1,1,3,7,31,67,22,41,25,34,32,17,17,20,55,32,64,21,28,4,8,8,30,24,16,6,612,24,24,20
"19",226,"mph",1,4,50,6,2.333333333,6,6,2,10,100,2,18,9,NA,1,NA,1,NA,NA,5,6,6,4,1,2,6,6,6,2,2,2,6,6,6,2,2,2,2,2,2,2,2,2,1,1,1,2,2,1,1,2,1,2,3,10,47,71,17,60,43,6,15,60,12,29,36,12,24,27,32,6,6,4,11,7,6,2,546,24,24,53
"20",234,"mph",1,5,63,4,1.666666667,5.666666667,3.666666667,4.666666667,8,80,2,19,4,NA,4,NA,2,NA,NA,5,4,4,2,1,2,5,6,6,6,4,4,4,4,3,2,2,2,2,1,2,2,2,2,2,1,2,2,1,2,2,2,1,1,44,88,90,195,18,63,62,42,74,52,28,50,55,38,45,39,47,8,15,6,11876,185,NA,NA,1296,22,22,2
"21",238,"mph",1,NA,NA,6,1,6,5.333333333,3.333333333,7,70,2,32,8,NA,11,NA,4,NA,NA,2,6,6,1,1,1,6,6,6,3,1,6,6,5,5,2,1,2,1,1,2,2,2,2,1,1,2,2,2,1,1,2,1,2,5,17,71,92,12,55,48,17,40,13,13,8,56,32,8,12,16,6,3,2,NA,NA,NA,NA,526,20,20,42
"22",239,"mph",1,7,88,5,3,5.333333333,5,3.666666667,9,90,2,51,7,NA,1,NA,6,NA,NA,5,5,5,3,3,3,5,5,6,5,4,2,5,5,5,2,2,2,2,1,2,2,2,2,1,1,2,2,2,2,1,2,1,1,21,95,80,255,61,189,137,33,124,88,24,215,37,32,29,49,18,5,8,8,115,50,19,432,1506,24,24,4
"23",241,"mph",1,8,100,4,2.666666667,6,3.666666667,3.333333333,7,70,2,23,8,NA,10,NA,3,NA,NA,5,4,4,2,3,3,6,6,6,3,4,3,4,3,4,2,2,2,1,2,2,1,2,2,2,1,2,2,2,2,1,1,1,1,2,45,41,74,12,37,25,32,22,9,20,5,36,21,27,11,28,3,17,3,29,12,9,2,522,24,24,45
"24",242,"mph",1,4,50,5.5,3.333333333,6,3.666666667,4.333333333,8,80,2,18,7,NA,1,NA,3,NA,NA,3,6,5,4,3,3,6,6,6,5,5,3,3,4,4,2,2,2,1,2,2,2,1,2,1,1,2,2,2,1,2,2,1,2,68,84,82,121,136,38,46,31,126,62,26,34,180,71,90,78,59,6,56,6,47,43,18,17,1463,24,24,1
"25",243,"mph",1,6,75,5,1.666666667,5.666666667,4,3.333333333,8,80,2,27,8,NA,4,NA,4,NA,"Meiner meinung nach ist es besser zu skeptisch zu sein und im zweifel eine echte email als phishing zu behandeln. Erfahrungsgemäss wird man wiederholt kontaktiert (teilweise auch auf einem anderen weg als email) falls etwas wirklich wichtig war.",5,5,5,2,1,2,5,6,6,5,3,2,4,4,4,2,2,2,1,2,2,2,2,2,2,1,2,2,2,2,1,2,2,1,32,51,87,12350,72,104,76,98,195,52,49,20,240,115,125,110,96,14,52,92,91,78,60,250,1931,24,24,0
"26",250,"mph",1,7,88,6,3,6,5,2.666666667,8,80,2,37,5,NA,4,NA,4,NA,NA,1,6,6,3,3,3,6,6,6,2,2,4,5,5,5,2,2,2,1,2,2,2,2,2,2,1,2,2,2,1,1,1,1,1,3,9,68,128,12,40,33,10,50,16,13,15,27,30,79,16,40,10,3,6,24,19,14,2,667,24,24,36
"27",251,"mph",1,5,63,5.5,2.666666667,6,4.333333333,2.333333333,7,70,2,31,6,NA,7,NA,2,NA,NA,3,5,6,2,3,3,6,6,6,4,2,1,5,5,3,2,2,2,2,2,1,1,2,2,2,1,2,2,2,1,1,2,1,2,27,5,76,110,22,52,59,10,34,8,20,7,49,21,13,12,10,2,3,3,57,45,14,NA,659,23,23,45
"28",255,"mph",1,6,75,5,2,6,4.666666667,3,9,90,2,21,7,NA,1,NA,3,NA,NA,5,5,5,3,1,2,6,6,6,4,3,2,4,5,5,2,2,2,2,1,2,2,2,2,1,1,2,2,2,1,1,2,1,1,2,9,47,75,32,88,43,25,5821,7150,11,8,56,25,7,14,33,8,8,9,21,38,67,5,716,24,24,28
"29",258,"mph",1,7,88,4.5,2.333333333,6,4,3.666666667,6,60,1,24,6,NA,7,NA,3,NA,NA,4,5,4,2,3,2,6,6,6,3,4,4,4,4,4,2,2,1,1,1,2,1,2,2,1,1,2,2,2,2,1,1,1,2,6,30,62,81,39,89,32,32,72,36,18,19,49,69,71,25,40,4,24,8,99,3,12,NA,920,23,23,25
"30",259,"mph",1,5,63,5,1,6,5,3,9,90,2,55,8,NA,11,NA,4,NA,NA,1,5,5,1,1,1,6,6,6,4,3,2,5,5,5,2,2,2,1,2,2,2,2,2,1,1,2,2,2,1,2,2,1,1,6,53,47,83,48,42,50,36,58,13,15,16,32,16,38,14,30,4,27,6,32,91,51,70,813,24,24,12
"31",267,"mph",1,6,75,4.5,1,6,4,3,10,100,2,18,9,NA,1,NA,1,NA,NA,5,5,4,1,1,1,6,6,6,4,3,2,4,4,4,2,2,2,2,2,2,2,2,2,1,1,2,2,2,1,1,2,1,1,11,30,81,151,65,65,114,41,69,77,48,75,130,55,22,31,62,6,38,14,63,65,19,3,1335,24,24,2
"32",269,"mph",1,5,63,6,1.666666667,6,6,2.333333333,7,70,2,17,9,NA,1,NA,1,NA,NA,5,6,6,3,1,1,6,6,6,5,1,1,6,6,6,2,1,2,1,2,2,2,2,2,2,1,2,2,2,2,2,2,1,2,13,12,44,85,10,47,41,45,29,7,4,8,7086,4,5,13,14,4,4,3,4,3,8,2,458,24,24,110
"33",278,"mph",1,7,88,4.5,2,6,4.666666667,4.666666667,8,80,3,26,5,NA,4,NA,4,NA,"Die Auswertung ist nicht leicht verständlich (korrekt/inkorrekt)
Die letzte phishing mail (lufthansa) ist echt gut gemacht",5,5,4,2,1,3,6,6,6,5,5,4,5,5,4,2,2,2,1,2,2,1,2,2,1,1,2,2,2,1,1,1,1,1,15,39,60,228,53,49,52,41,47,86,27,12,45,32,49,34,20,7,29,13,207,146,49,126,1345,24,24,4
"34",280,"mph",1,7,88,5.5,3.666666667,6,4.666666667,3.666666667,7,70,2,17,9,NA,1,NA,1,NA,NA,4,6,5,3,5,3,6,6,6,4,4,3,5,4,5,2,1,2,1,2,2,1,2,2,1,1,1,2,2,2,1,1,1,1,46,45,111,145,60,81,88,47,49,78,43,61,41,45,50,27,38,11,20,8,37,52,13,5,1201,24,24,2
"35",282,"mph",1,4,50,6,2,6,5,3,7,70,2,34,5,NA,4,NA,8,"In Weiterbildung",NA,1,6,6,2,2,2,6,6,6,4,4,1,5,5,5,2,2,2,1,1,2,1,2,2,1,1,2,2,1,1,1,2,1,2,2,6,46,92,11,159,47,13,39,17,10,44,46,16,35,12,19,9,35,14,46,56,10,5,789,24,24,26
"36",287,"mph",1,6,75,5,2,6,1.666666667,5.666666667,8,80,2,41,4,NA,4,NA,6,NA,NA,1,5,5,2,2,2,6,6,6,5,6,6,2,2,1,2,2,2,2,1,2,2,2,2,2,1,2,2,2,1,1,1,1,2,10,20,86,246,25,106,56,47,66,62,25,14,61,27,32,16,47,10,5,7,44,72,11,4,1099,24,24,9
"37",288,"mph",1,6,75,5,3,6,5,4.333333333,9,90,1,23,4,NA,1,NA,2,NA,NA,4,6,4,3,4,2,6,6,6,4,5,4,5,5,5,2,2,2,2,2,2,1,2,2,1,1,2,2,2,1,2,1,1,1,21,129,73,123,29,95,98,41,38,77,75,38,83,107,203,37,30,8,13,15,118,82,105,7,1270,24,24,2
"38",291,"mph",1,4,50,6,1.666666667,6,5.666666667,2,9,90,2,28,6,NA,7,NA,4,NA,NA,1,6,6,3,1,1,6,6,6,2,2,2,5,6,6,2,2,2,2,2,2,2,2,2,2,1,2,2,2,2,2,2,2,2,2,8,121,93,10,53,58,12,60,15,8,8,19,14,34,18,4,2,5,3,5,15,5,2,574,24,24,79
"39",292,"mph",1,3,38,5.5,4.333333333,6,6,4,8,80,2,20,7,NA,1,NA,3,NA,NA,4,5,6,2,5,6,6,6,6,3,5,4,6,6,6,2,2,2,1,2,2,2,2,2,2,1,2,2,1,1,2,2,1,2,21,29,110,94,16,45,28,32,49,35,36,57,73,46,27,19,31,10,13,11,31,NA,NA,NA,813,21,21,9
"40",295,"mph",1,5,63,5.5,2.666666667,6,6,4.333333333,8,80,2,20,7,NA,1,NA,3,NA,NA,4,6,5,2,4,2,6,6,6,4,6,3,6,6,6,2,2,2,1,2,1,2,2,2,1,1,2,2,2,1,2,1,2,1,2,28,48,1479,50,40,31,18,20,28,17,6,12,13,21,21,13,1,4,7,31,30,11,2,559,24,24,51
"41",297,"mph",1,7,88,5.5,1.333333333,6,5.333333333,3,10,100,2,15,9,NA,1,NA,1,NA,NA,5,5,6,1,2,1,6,6,6,4,3,2,5,5,6,2,2,2,2,2,2,2,2,2,1,1,2,2,2,2,1,2,1,1,20,7,24,74,10,32,33,12,23,15,13,27,36,12,8,13,19,10,18,4,24,24,14,12,484,24,24,40
"42",298,"mph",1,6,75,4,1.666666667,6,4.666666667,4.333333333,9,90,1,35,5,NA,7,NA,4,NA,NA,4,4,4,2,2,1,6,6,6,5,5,3,4,5,5,2,2,2,1,2,2,2,2,2,1,1,2,2,2,1,1,2,1,1,13,26,94,95,15,33,74,32,53,79,39,41,150,36,77,42,71,12,29,20,82,34,14,147,1166,24,24,4
"43",300,"frnd",1,NA,NA,1,3.666666667,4,1.333333333,2.666666667,8,80,1,24,8,NA,11,NA,3,NA,NA,5,1,1,4,3,4,4,3,5,2,4,2,1,1,2,2,1,2,2,2,2,2,2,2,1,2,2,2,2,1,1,2,2,1,4,6,88,79,32,27,40,13,42,6,11,20,35,11,11,9,10,4,8,3,NA,NA,NA,NA,459,20,20,47
"44",302,"mph",1,6,75,6,2,6,5.333333333,2.333333333,10,100,2,36,6,NA,1,NA,4,NA,NA,5,6,6,2,2,2,6,6,6,3,3,1,5,5,6,2,2,2,2,2,2,2,2,2,1,1,2,2,2,1,1,2,1,1,53,198,97,300,105,104,94,50,119,31,69,48,62,69,32,29,40,23,56,19,97,130,54,22,1672,24,24,0
"45",304,"mph",1,8,100,6,3.666666667,6,6,1.333333333,7,70,2,23,5,NA,4,NA,4,NA,NA,4,6,6,2,4,5,6,6,6,1,2,1,6,6,6,2,1,2,1,2,2,1,2,2,1,1,2,2,2,2,1,1,1,1,34,8,90,157,34,56,51,55,52,66,15,11,42,43,55,18,23,2,10,6,38,11,8,4,889,24,24,19
"46",305,"mph",1,7,88,5.5,1.333333333,6,4,2.666666667,10,100,2,27,7,NA,11,NA,4,NA,NA,4,6,5,1,1,2,6,6,6,3,3,2,4,4,4,2,2,2,2,2,2,2,2,2,1,1,2,2,2,2,1,2,1,1,47,29,60,180,40,76,65,22,107,44,26,82,88,37,87,14,52,7,8,2,14,19,34,8,1148,24,24,14
"47",306,"mph",1,5,63,5,2,6,5,2.666666667,8,80,2,21,7,NA,1,NA,3,NA,NA,4,5,5,2,2,2,6,6,6,4,2,2,5,5,5,2,2,2,1,2,2,2,2,2,2,1,2,2,2,1,1,2,1,2,8,27,46,71,20,57,38,21,31,9,29,21,16,15,13,22,12,4,19,4,35,14,10,3,545,24,24,30
"48",315,"lnkd",1,7,88,4.5,2.666666667,4.333333333,4,2.666666667,7,70,1,29,8,NA,11,NA,5,NA,NA,5,4,5,3,2,3,4,4,5,4,2,2,4,4,4,2,1,2,2,2,2,1,2,2,1,2,2,2,2,1,1,1,1,1,232,17,36,115,42,61,37,33,78,20,16,11,43,17,30,11,14,9,11,44,58,18,14,4,705,24,24,15
"49",317,"mttr",1,5,63,2,2,5.333333333,2.666666667,4,8,80,1,51,6,NA,12,"Fachakademie",6,NA,"Ich bin gut durchgekommen und finde es gut und wichtig, für dieses Thema ein Bewusstsein zu entwickeln. Ich merke, das ich mich da noch mehr einarbeiten möchte. Danke für die Links dazu!

Ich hätte mir eine Erklärung bei der Frage mit den ""Office-Dateien mit Makro-Funktion"" gewünscht!
Ich hätte mir auch gewünscht, dass bei den Bilderbeispielen die Phishing-Fehler benannt werden, denn bei meinem Phishing-Mail-Fehler mit Lufthansa habe ich nicht verstanden, warum meine Antwort falsch war...


",5,2,2,4,1,1,5,5,6,4,4,4,2,3,3,1,2,2,1,2,2,1,2,2,1,1,2,2,2,1,2,1,2,1,16,54958,143,282,128,107,178,53,108,99,37,50,84,101,97,54,64,21,39,34,399,220,125,269,1787,24,24,0
"50",318,"mph",1,NA,NA,6,3.666666667,6,6,1,9,90,2,27,8,NA,1,NA,3,NA,NA,2,6,6,1,4,6,6,6,6,1,1,1,6,6,6,2,2,2,2,2,2,2,1,2,1,1,2,2,2,2,1,2,1,1,3,5,38,78,10,47,61,30,25,21,15,23,67,16,16,13,38,1,8,3,NA,NA,NA,NA,518,20,20,42
"51",319,"mph",1,8,100,4,3.333333333,6,4,4.333333333,7,70,1,23,8,NA,11,NA,5,NA,NA,3,4,4,3,4,3,6,6,6,4,5,4,4,4,4,2,2,2,2,1,2,1,2,2,2,1,2,2,2,2,1,1,1,1,2,7,91,104,89,45,47,18,27,11,14,11,31,15,29,10,27,5,16,77,103,21,11,4,742,24,24,27
"52",322,"mph",1,6,75,6,3.333333333,6,6,1.666666667,6,60,1,26,8,NA,11,NA,3,NA,NA,5,6,6,4,1,5,6,6,6,2,2,1,6,6,6,2,2,2,2,1,2,1,2,2,2,2,1,2,2,1,1,1,1,1,1258,57,96,16305,33,31,37,75,62,73,35,20,38,41,44,30,30,10,21,4,72,65,4893,NA,999,23,23,3
"53",327,"mph",1,NA,NA,5.5,1.666666667,6,6,3,9,90,2,18,7,NA,1,NA,3,NA,NA,5,6,5,1,2,2,6,6,6,4,3,2,6,6,6,2,1,2,2,2,2,2,2,2,1,1,2,2,2,2,1,1,2,1,4,12,48,48,11,32,23,18,33,4,13,40,3,20,3,3,18,1,3,3,NA,NA,NA,NA,340,20,20,125
"54",329,"mph",1,4,50,6,1,6,5.333333333,2.333333333,7,70,2,17,4,NA,1,NA,2,NA,NA,1,6,6,1,1,1,6,6,6,4,2,1,4,6,6,2,2,2,1,1,2,1,2,2,1,1,1,2,2,1,1,2,1,2,2,5,38,95,9,61,54,9,57,50,8,25,13,25,11,22,10,3,19,10,28,41,9,NA,604,23,23,45
"55",332,"frnd",1,6,75,2,4.666666667,5.666666667,4,2.666666667,7,70,1,24,8,NA,11,NA,3,NA,NA,5,2,2,4,5,5,5,6,6,3,2,3,4,4,4,2,1,2,1,2,2,1,2,2,1,1,2,2,2,1,2,1,1,1,18,55,58,113,34,72,56,37,56,35,44,18,58,71,36,53,34,6,22,10,76,66,22,5,1055,24,24,1
"56",334,"mph",1,6,75,5,1,6,3.666666667,3,9,90,2,21,7,NA,1,NA,3,NA,NA,5,5,5,1,1,1,6,6,6,3,3,3,4,4,3,2,2,2,2,2,2,2,2,2,2,1,1,2,2,1,1,1,1,1,5,139,71,352,58,64,62,67,141,85,28,57,101,35,82,19,32,13,174,22,50,42,22,35,1474,24,24,1
"57",335,"lnkd",1,7,88,6,2.666666667,5,5.666666667,2.333333333,8,80,1,24,7,NA,11,NA,3,NA,NA,4,6,6,3,2,3,5,5,5,3,2,2,6,6,5,2,1,2,2,2,2,2,2,2,2,1,2,2,2,2,1,2,1,1,5,18,47,317,14,64,17,26,95,24,44,32,91,48,20,26,201,3,5,3,21,29,10,2,987,24,24,23
"58",337,"frnd",1,6,75,5.5,4.333333333,6,5,1.333333333,8,80,2,24,7,NA,5,NA,4,NA,"Die Befragung war sehr gut gestaltet & mir hat die Teilnahme gut gefallen. 
",5,6,5,5,4,4,6,6,6,2,1,1,5,5,5,2,2,2,1,2,2,1,2,2,1,1,2,2,2,1,1,2,1,1,52,138,143,184,49,56,80,47,50,18,77,59,54,19,36,25,15,5,19,14,90,77,39,102,1183,24,24,4
"59",339,"mph",1,6,75,5,2,5.333333333,5,4.666666667,5,50,2,27,8,NA,10,NA,4,NA,NA,5,5,5,2,2,2,5,5,6,6,4,4,5,5,5,2,1,2,1,1,2,1,2,2,2,1,2,2,2,1,2,1,1,1,2,26,52,94,17,47,34,15,40,25,21,19,58,37,74,21,28,10,30,18,90,28,16,5,807,24,24,13
"60",341,"mph",1,6,75,6,1.333333333,6,6,2,9,90,2,19,4,NA,1,NA,2,NA,NA,1,6,6,1,2,1,6,6,6,3,2,1,6,6,6,2,2,2,2,2,2,2,2,2,2,1,2,2,2,1,2,1,1,1,17,15,47,95,28,44,25,25,97,40,14,28,26,48,48,37,47,5,4,3,21,17,5,6,742,24,24,22
"61",349,"lnkd",1,5,63,4.5,2.666666667,5.333333333,4.666666667,6,7,70,1,25,7,NA,11,NA,3,NA,NA,5,5,4,3,2,3,5,6,5,6,6,6,4,5,5,2,1,2,2,2,2,2,2,2,2,2,2,2,1,1,1,2,1,1,4683,14,345,74,60,77,40,65,76,42,20,36,57,21,28,28,13,7,25,8,80,39,20,4,1185,24,24,5
"62",350,"frnd",1,7,88,1,3,6,3,4.666666667,7,70,1,29,8,NA,11,NA,3,NA,NA,5,1,1,4,2,3,6,6,6,5,5,4,3,3,3,2,1,2,1,1,2,2,2,2,1,1,2,2,2,1,1,1,1,1,17,96,116,422,51,129,69,92,96,33,30,27,342,129,219,67,47,9,22,31,85,82,NA,NA,1704,22,22,0
"63",358,"vtsoz",1,0,0,NA,NA,NA,NA,NA,0,0,-9,NA,-9,NA,-9,NA,-9,NA,NA,-9,-9,-9,-9,-9,-9,-9,-9,-9,-9,-9,-9,-9,-9,-9,-9,-9,-9,-9,-9,-9,-9,-9,-9,-9,-9,-9,-9,-9,-9,-9,-9,-9,-9,2,3,9,9,24,6,5,12,27,5,7,11,7,5,7,10,26,8,8,7,3,4,6,30,241,24,24,177
"64",364,"vtsoz",1,6,75,5,3.666666667,5.666666667,6,2,7,70,1,30,8,NA,11,NA,4,NA,NA,5,5,5,5,5,1,5,6,6,2,2,2,6,6,6,2,1,2,1,2,2,1,2,2,1,1,2,2,2,1,1,2,1,1,5,6,110,119,9,56,73,8,27,17,34,28,30,43,21,30,21,2,7,2,24,12,4,3,691,24,24,43
"65",365,"vtsoz",1,7,88,3.5,2.666666667,6,4,2.666666667,8,80,1,47,8,NA,11,NA,4,NA,NA,5,4,3,3,3,2,6,6,6,4,2,2,4,4,4,2,2,2,1,2,2,2,2,2,2,1,2,2,2,2,1,2,1,1,3,22,27,70,26,43,29,33,74,31,12,17,60,39,42,25,27,3,18,3,75,34,12,4,729,24,24,13
"66",366,"vtsoz",1,3,38,1.5,1,6,5.666666667,4.666666667,6,60,2,20,7,NA,1,NA,2,NA,NA,5,2,1,1,1,1,6,6,6,6,5,3,6,6,5,2,2,2,1,2,2,1,2,2,2,2,2,2,1,1,2,2,1,2,57,53,2834,67164,16,27,505066,60,163,58,32,29,123,32,48,159,26,6,6,9,71,213,11,9,1058,24,24,8
"67",367,"vtsoz",1,5,63,5,4.333333333,6,4.666666667,3.666666667,7,70,1,44,8,NA,11,NA,5,NA,NA,4,5,5,5,4,4,6,6,6,4,4,3,5,4,5,2,1,2,1,2,2,1,2,2,1,1,2,2,2,1,2,1,2,1,169,29,39,52,11,35,23,19,54,10,8,9,27,12,29,23,49,5,3,3,20,27,NA,NA,493,22,22,44
"68",368,"vtsoz",1,7,88,4,1.666666667,6,3.333333333,4.666666667,9,90,1,25,7,NA,1,NA,3,NA,NA,5,4,4,2,2,1,6,6,6,5,5,4,3,3,4,2,2,2,2,2,2,1,2,2,1,1,2,2,2,2,2,1,1,1,2,17,42,83,46,42,38,52,61,17,57,17,27,35,50,25,27,8,23,4,52,57,13,8,803,24,24,11
"69",371,"vtsoz",1,3,38,6,2.333333333,6,4.666666667,4.666666667,9,90,2,55,8,NA,11,NA,4,NA,NA,4,6,6,1,2,4,6,6,6,5,4,5,4,5,5,2,2,2,2,2,2,2,2,2,2,1,2,2,2,1,2,2,2,2,4,22,56,124,32,45,38,32,39,14,21,10,44,29,28,26,21,6,14,2,29,27,10,2,675,24,24,18
"70",373,"vtsoz",1,NA,NA,NA,NA,NA,NA,NA,NA,NA,2,40,8,NA,11,NA,6,NA,NA,4,4,3,1,1,3,6,6,6,5,3,2,5,4,4,2,1,2,1,2,2,2,2,2,1,1,2,2,2,1,1,1,1,1,4,5,29,73,29,27,32,20,35,15,8,14,35,9,20,11,12,3,7,NA,NA,NA,NA,NA,388,19,19,46
"71",374,"vtsoz",1,3,38,4,3,5,3,4,6,60,1,59,8,NA,10,NA,5,NA,NA,1,4,4,3,3,3,5,5,5,4,4,4,3,3,3,2,1,2,1,2,2,1,2,2,2,1,2,2,2,1,2,2,2,2,4,21,60,88,12,40,60,42,57,12,16,9,34,12,17,24,19,2,4,2,17,15,13,4,584,24,24,38
"72",377,"vtsoz",1,6,75,3,2,6,3.333333333,4.666666667,7,70,2,41,8,NA,11,NA,5,NA,NA,4,3,3,2,2,2,6,6,6,5,5,4,3,3,4,2,1,2,2,1,2,1,2,2,1,1,2,2,2,1,2,1,1,1,6,4,42,63,38,60,32,36,83,25,60,26,29,59,45,16,14,5,12,3,86,48,7,3,802,24,24,19
"73",378,"vtsoz",1,6,75,5,1,6,5,3,10,100,2,50,8,NA,11,NA,4,NA,NA,5,5,5,1,1,1,6,6,6,4,3,2,5,5,5,2,2,2,2,2,2,2,2,2,1,1,2,2,2,1,2,1,1,1,8,21,68,181,75,88,64,46,75,48,32,45,437,60,157,68,59,10,16,3,321,76,14,7,1591,24,24,1
"74",379,"vtsoz",1,4,50,4,1,6,2.666666667,4.666666667,7,70,1,52,8,NA,10,NA,5,NA,NA,1,4,4,1,1,1,6,6,6,6,4,4,3,2,3,1,2,2,1,2,2,2,2,2,2,2,2,2,2,1,1,2,2,2,2,10,50,130,37,51,48,30,68,36,14,47,39,11,28,13,45,5,5,5,41,16,13,2,746,24,24,24
"75",380,"vtsoz",1,5,63,6,2.333333333,5.333333333,6,1,8,80,1,21,7,NA,1,NA,3,NA,NA,5,6,6,2,1,4,6,6,4,1,1,1,6,6,6,2,2,2,1,2,2,1,2,2,1,1,2,2,2,1,1,2,1,2,5,8,39,52,19,26,31,12,33,31,16,15,33,21,17,16,40,4,13,2,27,15,12,8,495,24,24,30
"76",381,"vtsoz",1,8,100,6,3.333333333,6,4,2,6,60,1,20,7,NA,1,NA,3,NA,NA,5,6,6,2,4,4,6,6,6,2,2,2,4,4,4,2,1,2,1,2,2,1,1,2,1,1,2,2,2,2,1,1,1,1,3,30,68,120,41,75,53,24,42,29,43,27,40,35,25,16,35,8,13,2,59,50,14,7,859,24,24,8
"77",382,"vtsoz",1,4,50,3,1.666666667,6,2.333333333,5,9,90,1,35,7,NA,5,NA,3,NA,NA,4,3,3,2,2,1,6,6,6,5,5,5,3,2,2,1,2,2,2,2,2,2,1,2,1,1,2,2,2,2,2,2,2,2,6,13,40,89,31,53,35,48,93,9,20,21,28,30,17,33,19,5,18,5,36,24,12,5,690,24,24,13
"78",383,"vtsoz",1,4,50,5.5,2.666666667,6,5,3,8,80,2,28,8,NA,11,NA,4,NA,"Phishing nur anhand von Bildern zu bewerten ist leider nur bedingt hilfreich, vielmehr geht es auch um generelle Verhaltensmuster, bspw. waren in den Beispielen einige dabei, welche Kontextabhängig betrachtet werden müssen oder wo es generell sicherer wäre den Dienst/die Seite nicht über den angegebenen Link, sondern direkt zu besuchen. In Bildform gehen hier einige Informationen verloren, die entscheidende Frage ist eher, wie man sich in der Praxis verhalten würde.",1,6,5,3,3,2,6,6,6,4,2,3,5,5,5,2,2,2,2,2,2,1,2,2,2,1,2,2,2,1,1,2,2,2,33,7,60,93,96,110,82,49,81,30,38,27,50,44,31,16,17,8,30,7,15,12,11,189,952,24,24,15
"79",384,"vtsoz",1,5,63,6,5,6,5,3,7,70,1,25,7,NA,5,NA,8,"Student und Teilzeitangestellte",NA,5,6,6,5,4,6,6,6,6,4,3,2,5,5,5,2,2,2,1,2,2,1,2,2,1,2,2,2,2,1,1,2,1,2,6,13,621,58,17,35,27,41,27,28,15,33,49,25,23,24,47,4,10,3,63,23,4,4,641,24,24,20
"80",386,"vtsoz",1,6,75,4.5,2,6,4.333333333,5,9,90,2,63,8,NA,11,NA,8,"Altersteilzeit",NA,5,5,4,2,2,2,6,6,6,6,5,4,4,4,5,2,1,2,2,2,2,2,2,2,1,1,2,2,2,2,2,1,1,2,2,9,66,84,19,45,56,25,58,29,15,10,58,41,55,38,38,4,14,3,25,18,9,3,724,24,24,21
"81",388,"vtsoz",1,6,75,5,1.666666667,6,3,3.333333333,7,70,2,72,8,NA,11,NA,8,"Rentner","Ich bedanke mich sehr für diese sehr interessante Studie. Für Gefahren im Internet habe ich mich relativ gewappnet gefühlt. Es gibt jedoch noch Nachholbedarf. 
Ich habe viel gelernt. Falsche Antworten habe ich zum größten Teil aus Vorsicht gegeben, was mich nicht beunruhigt. Der einzig bedenkliche Fahler ist mir bei der ""Lufthansa"" E-Mail unterlaufen.

Danke nochmal. Über ein persönliches Feedback würde ich mich freuen. bigtwinkurt@gmx.net
Viel Erfolg bei der Masterarbeit !
l",5,5,5,3,1,1,6,6,6,4,2,4,3,3,3,2,1,2,1,2,2,1,2,2,1,1,2,2,2,1,1,2,1,1,45,88,92,170,65,98,53,82,405,23,27,23,90,57,36,46,22,13,30,6,341,102,152,587,1298,24,24,1
"82",389,"vtsoz",1,7,88,5.5,3.333333333,6,5.666666667,4,8,80,1,18,9,NA,1,NA,1,NA,NA,5,6,5,4,2,4,6,6,6,4,4,4,5,6,6,2,1,2,2,2,2,1,2,2,1,1,2,2,2,2,1,2,1,1,5,6,33,52,15,23,23,19,16,14,11,7,23,9,11,12,21,2,5,2,20,20,8,2,359,24,24,64
"83",390,"vtsoz",1,NA,NA,3.5,3,4.333333333,4,3,3,30,1,69,8,NA,11,NA,5,NA,NA,3,4,3,3,3,3,4,4,5,4,3,2,4,4,4,2,1,1,1,1,1,1,1,2,1,1,2,2,2,1,1,2,2,1,22,16,74,167,21,67,56,74,65,53,24,28,107,41,49,43,55,16,35,10,NA,NA,NA,NA,1023,20,20,2
"84",394,"vtsoz",1,6,75,5,2.333333333,6,4.333333333,3,9,90,1,34,8,NA,11,NA,4,NA,NA,4,5,5,3,1,3,6,6,6,4,3,2,4,4,5,1,2,2,2,2,2,1,2,2,1,1,2,2,2,1,1,1,1,2,14,114,73,173,37,62,55,48,83,29,27,26,38,64,62,30,105,8,17,5,36,84,15,9,1116,24,24,2
"85",395,"vtsoz",1,4,50,3,1.666666667,5,2.666666667,5,6,60,2,46,8,NA,11,NA,4,NA,NA,4,3,3,2,2,1,5,5,5,5,5,5,4,2,2,1,1,2,2,2,2,1,2,2,2,2,2,2,1,2,2,2,2,1,230,19,76,114,96,54,48,42,99,24,18,50,70,19,25,34,85,10,16,13,73,54,26,6,1077,24,24,2
"86",396,"vtsoz",1,5,63,3.5,4,6,4,4,7,70,2,23,7,NA,1,NA,3,NA,NA,5,4,3,4,4,4,6,6,6,5,4,3,4,4,4,2,2,2,1,2,2,1,2,2,2,1,2,2,2,1,2,2,1,1,3,9,47,53,31,38,24,66,37,36,25,26,84,18,38,17,33,4,14,3,17,37,22,2,684,24,24,22
"87",397,"vtsoz",1,NA,NA,NA,NA,NA,NA,NA,NA,NA,1,59,8,NA,11,NA,5,NA,NA,5,4,4,1,1,1,6,6,6,4,2,1,4,3,4,2,1,2,1,1,2,1,2,2,1,2,2,2,2,2,1,1,1,1,10,9,41,74,20,47,32,17,52,60,14,22,22,51,92,25,37,7,NA,NA,NA,NA,NA,NA,632,18,18,16
"88",398,"vtsoz",1,4,50,5,2,4.333333333,4.333333333,2.333333333,4,40,2,63,6,NA,9,NA,7,NA,"Amazon und Co verwende ist sowieso nicht.
Es ist klar, dass die Links den korrekten Namen annehmen sollten. Jedoch drücke ich -vor allem beim Banking- nie auf Links  sondern melde mich immer extra an. Entweder steht die Meldung drin - oder Schrott. Wie schnell übersieht man mal einen Buchstaben im Link?

Hatte vor 3 Jahren einen Versuch. Meine private email jedoch Passwort der Firma. Überprüfung ergab, dass in der Firma auf Sticks Viren waren.

Hatte vor 3 Tagen eine email meiner Bank. War im Link zu sehen dass hier etwas nicht stimmt. Weitergeleitet - aber keine Antwort!

Links verwende ich praktisch nie. Nur nach wirklich eingehender Überprüfung (z.B. hier wäre sonst keine Anmeldung möglich). Lieber selbst ein paar zeichen tippen und man ist viel sicherer.

Gruß
",4,5,5,2,2,2,4,4,5,3,2,2,5,4,4,2,1,1,2,1,2,1,1,2,2,1,2,2,2,2,2,2,2,2,5,42,71,118,20,49,49,41,53,27,20,38,38,20,44,31,36,4,6,4,86,6,24,755,837,24,24,18
"89",399,"vtsoz",1,5,63,5.5,1.666666667,6,5.666666667,2.666666667,7,70,1,20,7,NA,1,NA,3,NA,NA,5,6,5,2,2,1,6,6,6,2,3,3,5,6,6,2,1,2,1,2,2,1,2,2,1,1,2,2,2,1,2,2,1,1,4,11,92,125,59,55,72,48,42,24,10,22,106,29,33,22,55,5,12,3,40,35,14,40,958,24,24,7
"90",400,"vtsoz",1,7,88,5,3.666666667,6,4.333333333,3,5,50,1,25,8,NA,1,NA,4,NA,NA,1,5,5,4,4,3,6,6,6,5,3,1,5,4,4,2,1,2,1,2,2,1,1,2,1,2,2,2,2,1,1,1,1,1,11,19,56,98,19,60,42,11,36,39,15,32,39,23,27,19,27,5,18,3,78,36,11,3,727,24,24,13
"91",401,"vtsoz",1,4,50,6,1,6,6,2.666666667,6,60,1,64,7,NA,5,NA,6,NA,NA,1,6,6,1,1,1,6,6,6,6,1,1,6,6,6,2,1,2,1,2,2,1,2,2,1,2,2,2,2,2,2,2,2,2,4,9,57,98,21,109,39,25,26,12,9,13,39,14,17,12,13,3,27,2,40,19,13,3,624,24,24,31
"92",402,"vtsoz",1,5,63,4,3.666666667,3.666666667,3.666666667,3.333333333,3,30,1,23,7,NA,11,NA,3,NA,NA,2,4,4,4,3,4,4,4,3,3,3,4,4,4,3,2,1,1,1,1,2,2,1,2,2,2,2,2,2,1,1,2,2,1,2,4,17,15,10,18,7,2,4,2,2,3,5,3,3,3,3,2,4,2,9,7,6,1,134,24,24,274
"93",404,"vtsoz",1,3,38,2,4.333333333,1,1,3,8,80,2,20,7,NA,6,NA,3,NA,NA,4,2,2,4,4,5,1,1,1,3,3,3,1,1,1,2,1,2,2,2,2,1,2,2,1,1,1,2,2,1,2,2,1,2,1,5,63,88,47,54,40,41,97,44,19,10,39,24,22,21,25,7,9,5,45,76,15,4,801,24,24,23
"94",405,"vtsoz",1,5,63,3.5,3.333333333,6,4.333333333,3.333333333,7,70,1,52,4,NA,7,NA,4,NA,NA,5,4,3,3,2,5,6,6,6,4,3,3,4,4,5,1,1,2,1,2,2,1,2,2,1,1,2,2,2,1,1,2,2,1,5,20,88,100,29,62,33,61,141,59,29,34,67,45,31,26,53,6,26,5,74,101,12,5,1112,24,24,2
"95",406,"vtsoz",1,5,63,3,4,3.666666667,3,4.333333333,6,60,1,24,7,NA,11,NA,3,NA,NA,3,2,4,4,3,5,2,4,5,4,5,4,3,4,2,2,2,2,1,2,1,2,2,2,2,2,2,2,2,1,1,2,1,2,2,4,11,12,3,4,3,2,2,5,2,3,3,2,2,2,2,0,52,1,3,2,1,1,124,24,24,385
"96",410,"vtsoz",1,4,50,3,3.666666667,4.666666667,4,2.333333333,8,80,2,62,8,NA,11,NA,6,NA,NA,5,3,3,4,3,4,4,5,5,3,2,2,4,4,4,2,2,2,1,2,2,2,2,2,1,2,2,2,2,2,2,2,2,2,8,14,85,302,27,103,149,114,134,73,37,72,149,55,34,119,33,27,16,7,73,103,36,9,1779,24,24,1
"97",411,"vtsoz",1,8,100,5.5,2.666666667,6,5.666666667,3,10,100,2,69,8,NA,11,NA,8,"Rentner",NA,4,5,6,3,1,4,6,6,6,4,2,3,6,5,6,2,2,2,2,2,2,2,2,2,1,1,2,2,2,2,1,1,1,1,2,9,77,179,52,70,59,37,59,37,29,44,73,109,61,41,61,9,12,6,47,52,28,9,1162,24,24,7
"98",412,"vtsoz",1,5,63,5,2.333333333,6,5,4,9,90,2,36,8,NA,10,NA,5,NA,NA,3,5,5,3,2,2,6,6,6,4,4,4,5,5,5,2,2,2,1,2,2,2,2,2,1,1,2,2,2,1,2,1,1,2,5,11,59,134,25,66,36,24,52,16,9,15,27,72,89,17,24,4,22,3,519,12,8,3,785,24,24,20
"99",413,"vtsoz",1,3,38,6,1,6,3.666666667,6,6,60,1,43,8,NA,10,NA,4,NA,NA,5,6,6,1,1,1,6,6,6,6,6,6,4,3,4,2,1,2,1,2,2,1,2,2,2,1,2,2,2,1,2,2,2,2,4,4,38,60,7,31,31,23,45,16,13,13,26,8,16,10,16,2,23,3,14,19,4,2,428,24,24,60
"100",414,"vtsoz",1,6,75,5,1.666666667,6,5,5.333333333,6,60,1,55,8,NA,10,NA,4,NA,NA,1,5,5,3,1,1,6,6,6,6,4,6,5,5,5,2,1,2,1,2,2,2,2,2,2,2,2,2,2,2,2,1,2,1,3,26,31,63,26,25,39,19,49,10,18,10,26,15,44,30,19,6,36,3,28,12,NA,NA,538,22,22,31
"101",416,"vtsoz",1,5,63,4.5,2.333333333,6,5.333333333,5,7,70,1,25,8,NA,11,NA,3,NA,NA,5,5,4,2,1,4,6,6,6,6,4,5,5,6,5,2,1,2,2,2,2,1,2,2,2,1,2,2,2,1,2,2,1,1,9,14,55,82,40,48,45,31,70,20,34,60,96,46,37,31,22,2,14,5,146,63,NA,NA,970,22,22,6
"102",417,"vtsoz",1,6,75,2.5,3,6,2.333333333,3.666666667,8,80,1,22,7,NA,11,NA,3,NA,NA,5,3,2,3,3,3,6,6,6,5,3,3,2,3,2,2,1,2,2,2,2,1,2,2,1,1,2,1,2,2,1,2,1,1,66,8,71,141,68,41,37,22,66,14,23,20,33,11,11,13,13,3,17,3,30,18,14,3,686,24,24,26
"103",419,"vtsoz",1,6,75,4.5,4,4,4.333333333,2,9,90,2,51,8,NA,11,NA,8,"Auszeit",NA,2,5,4,5,3,4,4,4,4,3,2,1,5,4,4,2,2,2,1,2,2,2,2,2,1,1,2,2,2,1,2,1,1,1,2,7,47,70,29,41,30,25,63,17,19,41,66,43,26,23,22,7,15,4,35,29,9,2,672,24,24,19
"104",421,"vtsoz",1,6,75,5.5,2,6,5,2,8,80,2,66,7,NA,1,NA,8,"Rentner",NA,1,6,5,2,2,2,6,6,6,3,2,1,5,5,5,2,2,1,2,2,2,2,2,2,2,1,2,2,2,2,2,1,1,2,9,66,53,89,34,40,35,39,60,75,22,31,55,90,70,45,63,8,9,5,60,37,11,30,1036,24,24,4
"105",422,"vtsoz",1,5,63,6,2,6,6,4,9,90,1,36,8,NA,11,NA,5,NA,NA,4,6,6,3,2,1,6,6,6,6,3,3,6,6,6,2,2,2,1,2,2,2,2,2,1,1,2,2,2,1,2,2,1,1,67,9,44,54,18,39,67,40,97,36,27,34,56,24,121,18,24,2,8,2,25,43,9,1,804,24,24,27
"106",423,"vtsoz",1,6,75,3.5,2,6,4.666666667,4,9,90,1,59,8,NA,11,NA,4,NA,NA,5,4,3,2,2,2,6,6,6,-9,4,4,4,5,5,1,2,2,2,2,2,2,2,2,2,1,2,2,2,1,1,1,1,2,27,88,101,464,61,104,49,58,122,39,66,42,108,46,65,36,61,16,7,12,112,55,21,14,1774,24,24,2
"107",424,"vtsoz",1,4,50,2.5,3,4.666666667,2,4,5,50,1,52,6,NA,7,NA,4,NA,NA,5,2,3,3,4,2,5,5,4,4,4,4,2,2,2,1,1,2,1,1,2,2,2,2,2,2,2,1,2,1,1,2,2,1,3,12,41,69,16,29,38,13,26,8,30,7,10,8,4,13,11,5,20,4,63,12,7,NA,449,23,23,67
"108",425,"vtsoz",1,6,75,1,5.333333333,6,6,4,8,80,2,24,8,NA,11,NA,3,NA,NA,5,1,1,5,6,5,6,6,6,5,3,4,6,6,6,2,2,2,1,2,2,1,2,2,1,1,2,2,2,1,2,1,1,1,5,8,30,67,27,175,33,22,40,41,15,14,30,52,26,14,14,6,17,7,35,35,10,3,726,24,24,20
"109",427,"vtsoz",1,3,38,1,1,6,1,5,6,60,1,59,5,NA,5,NA,4,NA,"Ein sehr interessantes, wichtiges Thema zu dem ich mich unbedingt weiter bilden muss. Vielen Dank für die Anregung.",5,1,1,1,1,1,6,6,6,5,5,5,1,1,1,2,1,2,1,2,2,1,2,2,2,1,2,2,1,1,1,2,2,2,58,166,121,230,106,163,171,149,126,70,78,48,157,65,86,65,115,20,49,13,248,74,28,122,2209,24,24,0
"110",431,"vtsoz",1,7,88,4,2.333333333,4.666666667,4,3,8,80,2,46,7,NA,1,NA,4,NA,NA,5,4,4,4,1,2,5,5,4,4,3,2,4,4,4,2,2,2,2,2,2,2,2,2,2,2,2,2,2,1,1,1,1,1,979,39,31,138,35,61,75,3423,46,33,12,18,41,50,101,22,62,2,32,7,117,34,NA,NA,994,22,22,9
"111",432,"vtsoz",1,4,50,3,3,6,3,2.333333333,4,40,1,46,5,NA,7,NA,4,NA,NA,1,3,3,4,2,3,6,6,6,3,2,2,4,2,3,2,1,1,1,2,1,1,2,2,1,2,2,2,2,1,2,1,2,2,3,10,76,110,30,58,49,24,69,24,17,20,59,26,34,32,25,5,17,7,145,39,58,NA,937,23,23,6
"112",433,"vtsoz",1,5,63,4.5,3,6,5,3,7,70,1,21,7,NA,1,NA,3,NA,"Mir ist die Entscheidung bei den E-Mails, oft schwer gefallen, weil ja konkret danach gefragt wurde, ob man den Link anklicken würde. In der Realität hätte ich wahrscheinlich keinen oder fast keinen der Links geklickt, weil ich um auf Nummer sicher zu gehen, eben die Internetseite selber im Internet aufsuche, um da nachzuschauen, ob es z. B. wirklich ein Problem gibt, auch wenn ich per se glaube, dass die Mail wahrscheinlich nicht Phishing ist. Ich habe mich bei der Beantwortung dann mehr darauf konzentriert, ob ich es für Phishing halte oder nicht, aber vielleicht könnte man da die Fragestellung in Zukunft noch genauer anpassen.",5,4,5,3,1,5,6,6,6,4,3,2,5,5,5,2,1,2,1,2,2,2,2,2,1,2,2,2,2,1,2,2,1,1,3,5,30,88,29,76,46,21,47,14,12,24,35,71,95,57,73,3,16,7,67,95,13,187,932,24,24,17
"113",436,"vtsoz",1,7,88,1,3.666666667,6,4,2.666666667,7,70,1,22,7,NA,1,NA,3,NA,NA,5,1,1,4,4,3,6,6,6,4,2,2,4,4,4,2,1,2,1,2,2,2,2,2,1,2,2,2,2,1,1,1,1,1,6,4,36,76,30,34,17,6,222,6,8,12,12,16,16,12,7,6,5,7,11,19,4,2,574,24,24,75
"114",437,"vtsoz",1,6,75,4,1.666666667,5,5,3,9,90,2,36,8,NA,11,NA,5,NA,NA,4,4,4,2,2,1,5,5,5,3,3,3,5,5,5,2,2,2,1,2,2,2,2,2,1,1,2,2,2,1,2,1,1,1,7,63,179,93,59,65,70,40,98,45,23,25,90,78,119,34,26,4,19,3,170,60,12,4,1386,24,24,2
"115",440,"vtsoz",1,4,50,1,1,6,3,6,6,60,2,55,4,NA,9,NA,4,NA,NA,5,1,1,1,1,1,6,6,6,6,6,6,3,3,3,1,1,2,1,1,2,1,2,2,1,1,2,2,2,2,2,2,2,2,9,24,71,107,14,61,43,8,45,27,13,23,15,10,10,9,12,5,12,6,28,18,18,4,592,24,24,36
"116",441,"vtsoz",1,7,88,5,1.333333333,6,3.666666667,3.666666667,8,80,3,18,7,NA,1,NA,3,NA,NA,5,5,5,2,1,1,6,6,6,5,3,3,4,4,3,2,2,2,1,2,2,2,2,2,1,2,2,2,2,1,1,1,1,1,69,12,36,83,55,42,61,45,55,55,11,28,44,77,172,40,46,3,12,1,40,49,6,2,981,24,24,20
"117",442,"vtsoz",1,5,63,5,3.666666667,5.666666667,4.333333333,3.333333333,9,90,1,54,8,NA,11,NA,4,NA,"Die Antworten zu Phishing Mails hatte ich nur teilweise korrekt. Allerdings vermeide ich grundsätzlich Klicks in Mails wenn es sich um Kundenkonten handelt, deren Daten man über den Onlinezugang bearbeiten kann. Ich hätte keine der Mail Beispiele angeklickt.",1,5,5,3,4,4,6,6,5,4,3,3,5,4,4,2,2,2,2,2,2,2,2,2,2,1,2,2,2,2,2,1,2,2,2,7,38,79,10,27,34,31,63,13,16,8,54,7,43,18,11,2,20,3,50,19,9,112,569,24,24,41
"118",443,"vtsoz",1,7,88,4.5,1.333333333,5.666666667,4,3,9,90,2,56,8,NA,11,NA,4,NA,NA,5,5,4,2,1,1,6,6,5,3,3,3,4,4,4,2,2,2,2,2,2,2,2,2,2,1,2,2,2,2,1,2,1,1,5,6,50,79,13,32,25,28,39,28,15,28,48,22,14,15,12,4,9,5,19,41,15,1,553,24,24,35
"119",444,"vtsoz",1,4,50,5,1.333333333,6,5,3.666666667,6,60,1,39,7,NA,7,NA,2,NA,"Ich frage notfalls mimikama. Oder ich lösch die mail.",5,5,5,2,1,1,6,6,6,5,3,3,5,5,5,2,1,2,1,2,2,1,2,2,1,2,2,2,2,1,2,1,2,2,3,26,51,82,39,94,286,43,64,24,49,10,117,60,105,44,82,5,7,4,67,141,14,98,1182,24,24,9
"120",445,"vtsoz",1,4,50,NA,NA,NA,NA,NA,9,90,2,44,9,NA,1,NA,1,NA,NA,5,-9,-9,-9,-9,-9,-9,-9,-9,-9,-9,-9,-9,-9,-9,-9,2,2,2,2,2,1,2,2,1,1,2,2,2,2,2,2,2,2,3,5,34,8,9,31,18,3,7,5,4,9,6,5,23,15,6,2,2,2,22,12,NA,NA,231,22,22,170
"121",446,"vtsoz",1,5,63,5,3.333333333,6,5,4,7,70,1,46,8,NA,9,NA,4,NA,NA,4,5,5,3,4,3,6,6,6,4,4,4,5,5,5,2,2,2,1,2,2,2,2,2,2,2,2,2,2,2,1,2,2,2,4,9,38,209,49,43,43,28,49,31,37,32,52,36,14,32,19,4,21,2,37,14,9,NA,812,23,23,17
"122",447,"vtsoz",1,5,63,5,4.333333333,6,5,1.333333333,7,70,2,40,8,NA,11,NA,4,NA,NA,5,5,5,3,5,5,6,6,6,2,1,1,5,5,5,2,1,2,1,2,2,2,2,1,1,1,2,1,2,1,2,1,1,1,7,7,33,71,24,39,33,15,65,14,13,35,30,16,30,26,15,8,17,2,46,25,8,4,583,24,24,23
"123",448,"vtsoz",1,7,88,5,1,5.666666667,3.666666667,2.666666667,8,80,2,72,8,NA,10,NA,8,"Rentner",NA,5,5,5,1,1,1,5,6,6,3,3,2,5,3,3,2,2,2,2,2,2,1,2,2,2,1,2,2,2,1,1,1,1,1,2,34,67,88,23,42,35,17,68,18,8,15,43,38,90,31,47,10,4,7,41,24,20,7,779,24,24,21
"124",449,"vtsoz",1,4,50,6,3,6,5,2.666666667,7,70,2,55,7,NA,9,NA,6,NA,NA,4,6,6,4,4,1,6,6,6,3,3,2,5,5,5,2,2,2,1,2,2,1,2,2,2,1,2,2,2,1,2,2,2,1,3,8,53,175,16,47,51,16,65,20,19,26,71,7,32,39,16,2,15,4,47,9,2,4,747,24,24,40
"125",450,"vtsoz",1,4,50,6,1,6,6,3.666666667,9,90,2,49,8,NA,11,NA,4,NA,"Ich arbeite als Berater im Bereich IT-Sicherheit und Compliance. Viele Massen-Phishing-Mails sind bei genauem Hinsehen als solche zu erkennen (Schreibfehler, falsche Umbrüche etc.), besonders von Profis gestaltete Phishing-Mails sind von Originalmails optisch definitiv nicht zu unterscheiden. Daher ist eine Mail für mich nur dann keine mögliche Phishing-Mail, wenn sie verschlüsselt und signiert ist. Auch bleue ich meinen Kunden ein nie auf einen Link in einer Mail zu klicken, sondern immer nur über die ihnen bekannte Kontenseite zu gehen und dort die Signatur zu prüfen. Die einzige Ausnahme sind Mails zum zurücksetzen des Passworts und auch nur dann, wenn sie unmittelbar nach der Anforderung eintreffen.",1,6,6,1,1,1,6,6,6,6,3,2,6,6,6,2,2,2,2,2,2,2,2,2,2,1,2,2,2,2,2,2,2,2,3,5,39,93,27,28,78,18,58,24,22,16,33,16,71,38,13,2,10,2,27,11,11,694,650,24,24,32
"126",451,"vtsoz",1,6,75,2.5,3.666666667,6,3,3.666666667,6,60,2,20,7,NA,11,NA,3,NA,NA,5,2,3,4,2,5,6,6,6,3,4,4,3,3,3,2,1,2,1,2,2,1,2,2,1,2,2,2,2,2,1,2,1,2,4,15,59,769,47,1343,42,71,94,21,33,83,29,32,57,21,26,3,31,8,74,46,13,4,971,24,24,6
"127",453,"vtsoz",1,6,75,3,2.333333333,3.333333333,4,2.333333333,9,90,2,24,8,NA,11,NA,3,NA,NA,5,3,3,4,1,2,3,2,5,3,2,2,4,4,4,2,2,2,1,2,2,2,2,2,1,1,2,2,2,1,1,2,1,1,33,6,256,81,31,59,46,21,33,11,15,15,27,12,8,5,10,6,11,3,34,25,5,3,756,24,24,43
"128",454,"vtsoz",1,6,75,2.5,2.666666667,5.333333333,3.333333333,3.666666667,7,70,1,23,8,NA,11,NA,3,NA,NA,5,2,3,4,2,2,5,6,5,4,4,3,3,4,3,2,1,2,1,2,2,1,2,2,1,1,2,2,2,1,1,2,1,1,10,12,70,128,13,31,28,30,41,35,22,22,23,34,11,13,13,12,3,2,55,82,12,3,705,24,24,31
"129",456,"vtsoz",1,7,88,4,1.666666667,6,4,2,7,70,1,53,7,NA,11,NA,6,NA,"Um Phishing-Mails zu erkennen, gehe ich mit der Maus über den jeweiligen Link oder Button, um mir anzeigen zu lassen, was für eine Adresse tatsächlich dahintersteckt. Das war bei den Test-Mails nicht möglich.",4,4,4,2,1,2,6,6,6,3,2,1,4,4,4,2,1,2,1,2,2,2,2,2,2,1,2,2,2,1,1,1,1,1,3,16,64,86,47,53,54,43,85,23,17,28,49,52,44,30,30,5,9,4,39,23,24,112,833,24,24,6
"130",457,"vtsoz",1,4,50,5,2,6,5.333333333,2,4,40,1,52,5,NA,5,NA,8,"Hausfrau",NA,5,5,5,1,3,2,6,6,6,2,3,1,5,5,6,2,1,1,1,2,2,1,1,2,1,2,2,2,2,2,2,2,2,2,38,133,97,194,67,79,59,60,134,22,23,14,58,40,29,25,26,13,60,15,131,39,17,11,1267,24,24,2
"131",458,"vtsoz",1,6,75,5,2.333333333,5.666666667,5,4,7,70,1,28,8,NA,11,NA,2,NA,NA,5,5,5,2,2,3,5,6,6,4,4,4,5,5,5,1,1,2,1,2,2,1,2,2,1,1,2,2,2,1,2,1,1,1,9,32,68,103,45,63,78,32,40,117,18,26,86,64,25,9,31,4,15,2,107,60,17,4,1055,24,24,9
"132",461,"vtsoz",1,4,50,1.5,1,6,2.666666667,3.666666667,6,60,1,36,8,NA,11,NA,4,NA,NA,5,1,2,1,1,1,6,6,6,4,4,3,3,2,3,2,2,2,1,2,2,1,2,2,2,2,2,1,2,1,1,2,2,1,6,23,45,89,26,38,39,43,64,13,16,25,36,10,16,14,21,12,21,6,77,35,19,2,696,24,24,18
"133",462,"vtsoz",1,4,50,4,2.333333333,5,4,3.333333333,5,50,1,40,8,NA,10,NA,6,NA,NA,4,4,4,3,3,1,5,5,5,4,3,3,4,4,4,1,1,1,1,2,2,1,2,2,2,1,2,2,2,1,2,2,2,1,5,6,29,43,18,13,14,4,12,8,7,6,10,10,2,4,8,1,6,5,25,24,3,3,266,24,24,132
"134",465,"vtsoz",1,NA,NA,NA,NA,NA,NA,NA,NA,NA,1,35,8,NA,10,NA,6,NA,NA,3,3,3,3,3,2,5,5,5,4,4,4,3,3,4,1,1,2,1,2,1,2,1,2,1,1,2,2,2,1,2,2,1,1,3,4,22,24,21,21,12,9,3,5,5,3,11,3,2,8,5,1,4,NA,NA,NA,NA,NA,166,19,19,201
"135",466,"vtsoz",1,4,50,3.5,3.333333333,4.666666667,4,2.666666667,8,80,1,48,8,NA,11,NA,4,NA,"Zu häufig Mails für Pishing zu halten und nicht anzuklicken, finde ich nicht tragisch. Gerade wenn sie von Unternehmern kommen mit denen ich aktuell nichts zu tun habe. 
Es scheint aber so zu sein, dass zu häufiges nicht-klicken dieselbe Empfehlung generiert wie zu häufiges anklicken von Pishing-Mails. Diese Bewertung würde ich nochmals überdenken.",5,3,4,4,3,3,4,5,5,4,2,2,4,4,4,2,1,2,2,2,2,1,2,2,1,1,2,2,2,1,2,2,2,1,10,81,64,140,61,64,44,56,226,25,43,15,155,24,20,120,66,6,18,3,45,32,24,260,1347,24,24,4
"136",469,"vtsoz",1,4,50,6,1,5.333333333,5,4,9,90,2,56,8,NA,11,NA,4,NA,"Ich nutze generell keine email in der html ansicht. Ausschließlich in der text ansicht offenbart sich einem der Inhalt im Detail. 
Links in Mails sind nicht zum Anklicken!",1,6,6,1,1,1,6,4,6,4,4,4,5,5,5,2,2,2,2,2,2,2,2,2,2,1,2,2,2,2,2,2,2,2,4,12,60,152,70,102,79,23,149,18,19,21,62,30,26,27,44,9,9,2,178,45,14,84,1160,24,24,8
"137",470,"vtsoz",1,6,75,5,1.333333333,6,5,3.666666667,10,100,2,26,7,NA,11,NA,3,NA,NA,4,5,5,2,1,1,6,6,6,6,3,2,5,5,5,2,2,2,2,2,2,2,2,2,1,1,2,2,2,1,2,1,1,1,2,9,42,70,33,48,81,14,13,7,8,8,7,26,36,10,11,2,6,1,19,73,6,3,535,24,24,70
"138",471,"vtsoz",1,NA,NA,NA,NA,NA,NA,NA,NA,NA,1,40,8,NA,11,NA,4,NA,NA,5,4,2,1,1,2,6,6,6,5,5,4,3,3,4,2,2,2,2,2,2,1,2,2,1,2,2,2,2,1,2,2,1,1,6,49,59,105,24,70,65,44,44,18,63,60,58,45,85,24,51,24,NA,NA,NA,NA,NA,NA,894,18,18,4
"139",473,"vtsoz",1,6,75,4,2.666666667,4,2,5.666666667,7,70,1,35,8,NA,11,NA,4,NA,NA,5,4,4,2,1,5,3,3,6,6,6,5,2,2,2,1,1,2,1,2,2,1,2,2,1,1,2,2,2,2,2,2,1,1,8,13,46,105,28,53,42,14,40,14,11,36,38,48,32,25,39,3,10,2,18,44,8,2,679,24,24,23
"140",474,"vtsoz",1,5,63,5,1.666666667,6,4,3.333333333,9,90,1,52,5,NA,9,NA,4,NA,"Wenn man geschäftliche Beziehung zu den Beispiel-Unteenehmen hat, fällt eine Entscheidung leichter bzw. gestaltet sich einfacher.",4,6,4,1,1,3,6,6,6,4,2,4,4,4,4,2,2,2,2,2,2,2,2,2,2,1,2,2,2,1,2,2,1,1,5,43,93,130,39,76,40,52,80,34,13,17,80,79,51,91,25,3,8,4,59,5,6,185,1038,24,24,21
"141",475,"vtsoz",1,6,75,5.5,3.666666667,6,5.666666667,1.666666667,7,70,1,32,8,NA,11,NA,8,"Studium + TZ-angestellt","Screenshots allein ermöglichen leider nicht die gesamte Bandbreite an Möglichkeiten. So fahre ich sonst mit der Maus über die Buttons bzw den augenscheinlichen Link, um zu sehen, wohin er führt (wie im letzten Screenshot). Ich klappe ebenfalls immer die Absender-Adresse aus, um nicht nur einen gewählten Namen zu sehen. Ich nutze auch meist die Links nicht, sondern logge mich in zweifelhaften Fällen direkt in die entsprechenden Accounts ein.",5,5,6,2,4,5,6,6,6,2,2,1,5,6,6,2,1,2,2,2,2,1,2,2,2,1,2,2,2,1,1,2,1,1,3,11,79,83,61,49,69,73,66,100,27,47,93,58,211,39,58,8,20,3,53,25,13,234,1075,24,24,5
"142",476,"vtsoz",1,5,63,4,1.666666667,6,4,4,8,80,1,39,7,NA,9,NA,8,"Berufliche Neuorientierung",":) Die Studie hat Spaß gemacht zusätzlich habe ich noch meinen Horizont erweitert.. 
Besten Dank!",4,4,4,1,3,1,6,6,6,4,4,4,4,4,4,1,1,2,1,2,2,2,2,2,1,1,2,2,2,1,2,2,1,1,23,79,238,114,20,45,49,35,135,64,38,47,75,70,85,41,55,4,30,5,69,61,27,100,1414,24,24,2
"143",477,"vtsoz",1,7,88,5,4,6,5,3.666666667,6,60,1,55,8,NA,10,NA,4,NA,"Ich habe viel dabei gelernt. Danke.",4,5,5,3,4,5,6,6,6,4,3,4,5,4,6,2,2,2,1,1,2,1,2,2,2,1,2,2,2,2,2,1,1,1,3,23,67,125,73,41,62,60,657,14,37,23,92,159,49,50,46,4,35,2,400,40,15,30,1161,24,24,7
"144",480,"vtsoz",1,3,38,1,1.666666667,6,1.333333333,4.333333333,7,70,1,32,8,NA,11,NA,4,NA,NA,5,1,1,1,1,3,6,6,6,5,5,3,1,1,2,2,2,2,1,1,2,1,2,2,1,1,1,2,2,1,1,2,2,2,5,10,72,146,463,58,78,103,161,54,35,23,56,19,29,11,31,4,16,6,46455,96,44,3,1146,24,24,8
"145",481,"vtsoz",1,3,38,5.5,2.333333333,6,5,3.333333333,7,70,1,50,8,NA,11,NA,5,NA,NA,4,6,5,2,2,3,6,6,6,4,3,3,5,5,5,2,2,2,1,2,2,1,2,2,2,1,2,2,2,1,2,2,2,2,4,22,61,89,35,40,34,43,58,27,23,22,80,26,15,35,42,6,19,4,51,38,11,4,789,24,24,7
"146",482,"vtsoz",1,4,50,5.5,2.333333333,4.666666667,3.333333333,3,8,80,1,68,5,NA,5,NA,8,"Rentnerin",NA,5,6,5,3,2,2,4,5,5,4,3,2,4,3,3,2,2,2,1,2,2,1,2,2,1,1,2,2,2,1,2,1,2,2,27,11,89,142,121,43,49,46,156,66,35,53,97,38,79,60,57,11,22,7,116,138,44,2,1509,24,24,5
"147",486,"vtsoz",1,6,75,2,3,6,3,3.666666667,7,70,1,38,8,NA,11,NA,8,"erwerbsunfähig",NA,5,2,2,3,3,3,6,6,6,5,4,2,3,2,4,2,1,2,1,2,2,2,2,2,1,2,2,2,2,2,1,2,1,2,3,11,64,111,56,49,36,33,78,41,29,21,49,31,16,27,13,4,3,3,66,11,15,NA,770,23,23,23
"148",487,"vtsoz",1,6,75,6,1,6,6,1,6,60,1,57,8,NA,11,NA,5,NA,NA,1,6,6,1,1,1,6,6,6,1,1,1,6,6,6,2,1,2,1,2,2,1,2,2,2,1,2,2,2,1,2,1,1,1,7,11,41,61,14,42,34,20,28,11,14,5,30,8,20,20,27,3,20,9,45,23,13,8,514,24,24,35
"149",488,"vtsoz",1,5,63,3.5,1.333333333,6,3.333333333,3,8,80,1,28,8,NA,11,NA,3,NA,NA,3,4,3,2,1,1,6,6,6,3,3,3,3,3,4,2,2,2,2,2,1,1,2,2,1,1,2,2,2,1,2,2,1,1,27,82,85,382,103,53,47,42,74,43,21,8,63,29,14,28,28,15,61,12,111,66,36,12,1442,24,24,7
"150",489,"vtsoz",1,6,75,4.5,1.666666667,6,4.333333333,6,7,70,1,54,8,NA,11,NA,6,NA,NA,4,5,4,1,1,3,6,6,6,6,6,6,4,4,5,2,1,2,2,2,2,1,2,2,1,2,2,2,2,1,1,2,1,1,38,17,59,90,35,67,36,23,46,20,15,13,49,32,33,21,24,5,13,4,59,38,19,4,760,24,24,7
"151",490,"vtsoz",1,6,75,3,2,6,4,5.333333333,6,60,1,24,7,NA,7,NA,3,NA,NA,5,3,3,3,1,2,6,6,6,6,5,5,4,4,4,2,1,2,1,2,2,1,2,2,2,1,2,2,2,1,1,2,1,1,8,16,54,147,38,45,35,51,52,29,33,26,73,41,32,20,44,6,20,8,122,50,14,3,967,24,24,4
"152",494,"vtsoz",1,5,63,6,1.666666667,6,6,4.666666667,8,80,2,65,7,NA,7,NA,6,NA,NA,3,6,6,1,3,1,6,6,6,6,5,3,6,6,6,2,2,2,1,2,2,1,2,2,1,1,2,2,2,2,2,2,1,2,2,8,127,94,22,61,35,57,65,18,20,27,83,36,29,26,22,10,12,5,114,NA,NA,NA,873,21,21,12
"153",495,"vtsoz",1,5,63,5,3,6,5,3,9,90,2,76,6,NA,9,NA,8,"Rentner",NA,5,5,5,1,2,6,6,6,6,4,3,2,5,5,5,2,2,2,2,2,2,2,2,2,2,1,2,2,2,2,2,2,2,1,17,21,115,117,25,72,65,55,141,41,13,16,157,25,186,127,28,9,30,4,66,23,24,62,1382,24,24,4
"154",499,"vtsoz",1,3,38,4,2.666666667,6,4,3,6,60,1,74,4,NA,9,NA,8,"Rentnerin",NA,-9,4,4,3,2,3,6,6,6,3,3,3,4,4,4,2,2,2,1,2,2,1,2,1,2,1,2,2,2,1,2,2,2,2,22,48,164,284,88,508,82,38,95,25,18,19,166,33,42,18,19,3,17,7,225,138,34,43,1681,24,24,4
"155",501,"vtsoz",1,5,63,3.5,4,6,4.666666667,3.333333333,7,70,1,23,7,NA,4,NA,3,NA,NA,4,4,3,5,3,4,6,6,6,4,3,3,4,5,5,2,2,2,1,2,2,2,2,2,2,2,2,2,2,1,1,2,2,1,6,19,87,102,69,32,60,45,45,31,17,25,30,11,23,33,28,4,6,2,79,47,12,3,816,24,24,16
"156",516,"vtsoz",1,3,38,4.5,4,5,3.333333333,3,5,50,2,48,5,NA,5,NA,8,"Rentner",NA,5,5,4,4,4,4,5,5,5,3,3,3,4,3,3,2,1,1,1,2,1,1,2,2,1,1,2,2,2,1,2,2,2,2,5,25,82,141,21,84,102,82,215,55,56,67,98,59,56,42,39,11,54,4,64,29,28,2,1421,24,24,5
"157",517,"vtsoz",1,5,63,5.5,2.666666667,4.333333333,5,2,7,70,2,67,7,NA,12,"Vordiplom VWL",8,"Rentner / Seniorenstudium",NA,1,6,5,4,3,1,4,4,5,3,2,1,4,5,6,2,2,2,1,2,2,1,2,2,2,1,1,2,2,1,1,2,1,1,19,17,143,136,50,103,64,23,82,86,26,48,68,83,90,76,49,12,24,5,146,16,33,12,1411,24,24,3
"158",518,"vtsoz",1,5,63,3,1,6,4,5.666666667,7,70,2,36,7,NA,9,NA,3,NA,NA,5,3,3,1,1,1,6,6,6,6,6,5,4,5,3,2,1,2,1,2,2,2,2,2,2,1,2,2,2,1,2,2,1,1,2,4,38,50,18,36,24,18,31,18,6,17,32,23,12,26,23,2,11,2,72,112,15,2,594,24,24,43
"159",519,"vtsoz",1,5,63,5.5,3,6,4,2.666666667,9,90,1,21,7,NA,1,NA,3,NA,"Ehrlich gesagt habe ich nicht gewusst was eine ""Makro-Funktion"" ist und hab deswegen die Frage nicht ganz verstanden. 
Auch wusste ich bei dem einen Email-Bild nicht ganz, auf was ich achten sollte... (die Email mit den Konto?Bank?auszügen bei der irgendetwas stand von wegen ""ich bin nicht da, schreib [wen auch immer] direkt an"" oder sowas. Ich hoffe es wird klar, welche ich meine... :( ) 

Ansonsten Top Studie!",5,5,6,3,3,3,6,6,6,2,2,4,4,4,4,2,1,2,2,2,2,2,2,2,1,1,2,1,2,1,1,2,1,1,6,37,52,79,34,64,29,40,52,33,23,28,32,31,34,12,9,2,10,3,15,20,11,142,661,24,24,22
"160",520,"vtsoz",1,5,63,2.5,2.666666667,4.333333333,5,3,6,60,1,37,8,NA,11,NA,4,NA,NA,4,3,2,2,2,4,4,4,5,3,3,3,5,5,5,2,1,2,1,2,2,1,2,2,1,2,2,2,1,1,1,1,2,1,3,5,32,59,29,35,31,42,57,20,9,26,21,21,31,10,24,3,9,5,31,15,6,2,526,24,24,36
"161",521,"vtsoz",1,7,88,4,4.333333333,6,3.666666667,5,5,50,1,25,8,NA,11,NA,3,NA,NA,1,4,4,4,4,5,6,6,6,5,5,5,4,4,3,2,1,2,1,2,2,1,2,2,2,2,2,2,2,2,2,1,1,1,23,10,35,65,15,25,28,23,29,65,25,61,66,21,96,20,34,8,5,3,41,19,9,8,734,24,24,23
"162",523,"vtsoz",1,5,63,6,4.333333333,6,5.333333333,6,4,40,1,71,8,NA,10,NA,8,"Rentnerin",NA,5,6,6,3,5,5,6,6,6,6,6,6,5,5,6,1,1,1,1,1,2,1,2,2,1,2,2,2,2,2,2,1,2,2,12,17,85,111,28,39,59,13,26,16,17,17,29,11,13,13,8,4,17,4,48,26,7,5,625,24,24,28
"163",525,"vtsoz",1,5,63,6,2.666666667,6,4.666666667,3.333333333,8,80,2,45,4,NA,4,NA,4,NA,"Hallo,
Bei der Frage, ob man bei einem ersten Blick auf einen Link erkennen kann, ob der link richtig ist, möchte ich widersprechen.  Mit dem Mauszeiger auf den Link gehen ohne zu klicken ist aus meiner Sicht schon der zweite Blick. 

Bei der Einschätzung, ob eine Mail pishing ist oder nicht, z.B. Zugang gesperrt,  habe ich ja immer noch die Möglichkeit mich direkt bei dem Dienst einzuloggen. Ich muss ja nicht auf den Link klicken. 
Vielen Dank
Gruß Andreas",3,6,6,3,3,2,6,6,6,4,4,2,5,4,5,2,1,2,2,2,2,2,2,1,1,1,2,2,1,1,1,2,1,1,5,10,82,131,28,68,83,25,82,36,21,94,53,66,41,52,134,9,50,4,80,78,9,662,1246,24,24,4
"164",527,"vtsoz",1,4,50,5,1.666666667,6,4.666666667,2.333333333,9,90,1,34,7,NA,8,NA,4,NA,"Ich habe bei allen E-Mails angegeben, dass ich nicht klicken würde. Ich gehe soweit möglich immer den Umweg, mich direkt über den Browser auf einer Seite einzuloggen und dort nachzusehen. Erstens muss ich dann nicht so genau jede E-Mail auf Echtheit untersuchen und zweitens werden die Betrüger ja auch besser und die Phishing-Mails sehen immer echter aus.",5,5,5,2,1,2,6,6,6,3,2,2,5,4,5,2,2,2,2,2,2,2,2,2,1,2,2,2,2,2,2,2,2,2,36,28,92,178,101,122,55,42,101,56,38,35,163,44,63,28,26,8,41,5,191,41,11,398,1510,24,24,1
"165",528,"vtsoz",1,5,63,2.5,2,6,4,3.333333333,6,60,2,58,4,NA,9,NA,4,NA,NA,5,3,2,3,1,2,6,6,6,4,3,3,4,4,4,2,1,2,1,2,2,2,2,2,2,2,2,2,2,2,1,2,2,2,30,22,80,144,60,90,57,49,113,15,27,60,24,16,15,30,16,10,11,3,105,25,12,4,1018,24,24,12
"166",529,"vtsoz",1,5,63,5,1.333333333,5.666666667,4,4.333333333,8,80,1,59,4,NA,-9,NA,4,NA,NA,1,5,5,2,1,1,5,6,6,5,4,4,4,3,5,2,2,2,1,2,2,2,2,2,2,1,2,2,2,1,2,2,1,1,6,18,44,74,13,54,31,50,64,48,21,23,32,26,48,18,15,2,4,4,43,35,9,3,685,24,24,22
"167",533,"vtsoz",1,7,88,6,1,6,6,2.666666667,8,80,2,59,7,NA,11,NA,5,NA,NA,1,6,6,1,1,1,6,6,6,3,3,2,6,6,6,2,2,2,2,2,2,2,2,2,2,2,2,2,2,2,1,2,1,1,3,8,45,93,14,83,46,11,58,22,14,7,55,98,36,46,28,3,10,2,23,98,22,5466,830,24,24,26
"168",535,"vtsoz",1,5,63,5,2,6,4,3.666666667,7,70,2,54,8,NA,11,NA,4,NA,NA,4,5,5,2,2,2,6,6,6,5,3,3,4,4,4,2,2,2,1,2,2,1,1,2,1,1,2,2,2,1,2,2,1,1,2,10,35,60,45,43,32,28,66,42,17,15,51,29,15,22,30,2,3,1,37,46,6,2,639,24,24,39
"169",536,"vtsoz",1,4,50,6,1,6,5,5.333333333,8,80,1,63,8,NA,11,NA,6,NA,"In der Realität beurteile ich Emails anhand von wesentlich mehr Information, als sie in diesem Test angeboten wurden.  Erstens weiss ich, dass ich keinen Account bei Amazon, Lufthansa, Siemens habe, also ist jede Email von Amazon, Lufthansa, Siemens verdächtig und wird nicht geöffnet. D.h. ich habe Hintergrundwissen, das für diesen Test nicht vorhanden war.  Zweitens schaue ich mir im Zweifelsfall den Source-Code der Email an und dann sehe an der Routing-Information, woher sie stammt.  Im Test stand der Source-Code nicht zur Verfügung.  Drittens kann man sich die URL der Links anschauen, ohne den Link zu verfolgen.  Auch diese Information hat für den Test gefehlt.  Ich persönlich fand den Test unrealistisch.",1,6,6,1,1,1,6,6,6,6,5,5,5,5,5,2,1,2,2,2,2,2,2,2,2,1,2,2,2,1,2,2,2,1,4,7,36,94,30,49,55,4025,47,11,11,20,72,175,51,21,34,3,3,3,108,31,14,296,916,24,24,22
"170",539,"vtsoz",1,7,88,6,2.333333333,5.333333333,6,1.666666667,7,70,1,44,8,NA,10,NA,4,NA,NA,1,6,6,1,5,1,5,6,5,3,1,1,6,6,6,2,1,2,1,1,2,2,2,2,1,1,2,2,2,2,2,1,1,1,173,2035,58,111,61,64,58,35,77,29,26,19,122,22,142,33,21,5,16,4,136,48,38,156,1152,24,24,2
"171",541,"vtsoz",1,5,63,5,3.666666667,6,4.666666667,3,8,80,2,23,8,NA,1,NA,3,NA,NA,5,5,5,3,5,3,6,6,6,4,3,2,5,5,4,2,2,2,1,2,2,2,2,2,2,1,2,2,2,1,2,2,1,1,2,6,54,80,34,143,28,133,280,19,10,20,24,23,34,13,21,4,22,3,132,51,18,2,1156,24,24,23
"172",542,"vtsoz",1,3,38,6,2.666666667,6,5.666666667,3,8,80,2,64,10,"Industrie Meister",9,NA,4,NA,NA,1,6,6,1,4,3,6,6,6,4,3,2,6,6,5,2,1,2,2,2,2,1,2,2,1,1,2,2,1,1,1,2,2,2,26,81,164,157,31,61,57,47,18,19,27,21,53,22,43,35,17,8,16,6,38,17,14,6,984,24,24,11
"173",543,"vtsoz",1,5,63,3.5,3.666666667,5.666666667,3.666666667,4.333333333,6,60,2,24,7,NA,7,NA,3,NA,"Bei vielen dieser Situationen kann man die Entscheidung als Addressat besser wahrnehmen/entscheiden, da ich ja weiß ob ich zB einen Voucher von Flughansa habe, bei Amazon meine Default Language geändert habe oder bei Slack über ein neues Gerät eingestiegen bin.",4,4,3,4,3,4,5,6,6,4,5,4,4,3,4,2,1,2,1,2,2,1,2,2,1,2,2,2,2,1,1,2,1,2,143,24,38,56,59,35,29,29,65,11,14,15,81,9,23,16,19,1,5,4,24,52,7,91,627,24,24,35
"174",545,"vtsoz",1,6,75,3.5,3.666666667,6,3.666666667,2.333333333,6,60,1,37,8,NA,11,NA,4,NA,NA,5,4,3,5,2,4,6,6,6,3,2,2,4,3,4,2,1,2,1,2,2,1,2,2,1,2,2,2,2,1,2,1,1,1,4,20,55,160,96,38,26,38,50,24,10,15,52,10,58,28,23,3,14,4,42,32,15,2,819,24,24,17
"175",547,"vtsoz",1,6,75,3.5,3.333333333,6,4.333333333,3,7,70,2,53,8,NA,11,NA,4,NA,NA,1,4,3,4,3,3,6,6,6,4,3,2,5,4,4,2,1,2,1,2,2,1,2,2,1,1,2,2,2,2,2,2,1,1,1059,7,30,440,13,29,29,35,227,10,10,24,25,14,9,21,102,3,16,3,1608,56,9,18,1188,24,24,30
"176",548,"vtsoz",1,6,75,5,2,6,4,2.666666667,7,70,1,51,8,NA,10,NA,8,"Mutter und Hausfrau / Ehrenamt",NA,4,5,5,2,2,2,6,6,6,3,3,2,4,4,4,2,2,2,1,2,2,1,2,2,2,1,2,2,2,2,2,2,1,1,2,6,46,127,31,34,27,25,45,21,21,35,45,27,99,19,18,3,3,3,64,99,15,NA,815,23,23,26
"177",549,"vtsoz",1,3,38,5,3.666666667,6,5,2.333333333,2,20,2,79,4,NA,5,NA,8,"Rentner",NA,3,5,5,4,3,4,6,6,6,3,2,2,5,5,5,2,1,1,1,2,2,1,1,1,2,2,2,2,2,1,2,2,2,2,5,85,102,119,77,77,109,35,51,23,23,25,115,38,29,28,22,14,21,6,185,38,27,2,1256,24,24,5
"178",550,"vtsoz",1,5,63,5,3.333333333,5.666666667,4.666666667,3.666666667,6,60,2,22,8,NA,10,NA,5,NA,NA,5,5,5,4,3,3,6,5,6,4,4,3,5,5,4,2,1,2,1,2,2,1,2,2,1,2,2,2,2,1,2,2,1,1,21,16,56,75,42,53,29,22,59,11,17,18,30,13,25,16,15,6,11,2,65,19,7,1,629,24,24,29
"179",551,"vtsoz",1,6,75,6,4.666666667,6,4.333333333,3,10,100,1,30,8,NA,11,NA,4,NA,"Mir ist aufgefallen, dass ich öfter eine dritte Antwort hätte wählen wollen: Nämlich, statt den Link zu klicken, einfach selbst z.B. paypal.com in die Browserzeile zu tippen und das Anliegen so zu bearbeiten (falls es echt ist). Das ist ein Mittelweg, mit dem ich häufig das Anklicken von Links in Mails umgehe, wenn ich die Mail unerwartet finde oder die besondere Dringlichkeit der Mail mich misstrauisch macht, oder auch einfach, damit ich es mir nicht angewöhne, in Service-Mails auf Links zu klicken.
Das heißt, die Antwort ""Würde klicken"" stimmt manchmal auch nicht bei Mails, die ich im Prinzip für vetrauenswürdig halte. Ich habe in der Umfrage dann ""würde klicken"" gewählt, wenn ich gedacht habe, dass meine Faulheit eventuell siegen würde. 

Viel Erfolg mit der Studie!",1,6,6,5,4,5,6,6,6,3,3,3,5,5,3,2,2,2,2,2,2,2,2,2,1,1,2,2,2,1,1,2,1,1,10,7,43,105,28,65,32,34,58,10,17,43,59,36,9,36,19,4,34,5,31,25,18,519,733,24,24,18
"180",552,"vtsoz",1,5,63,4,1.5,6,4.666666667,3.333333333,8,80,1,55,8,NA,11,NA,6,NA,"Unangenehm waren mir zwei Fragen, die ich wirklich nicht beurteilen konnte und geraten habe - leider/oder doch zum Glück lag ich daneben - und offensichtlich auch mit meiner Einschätzung nur ""Mäßig viel"" über Phisching zu wissen - Danke für die Anregungsmöglichkeiten zur Weiterbeschäftigung",1,5,3,2,1,-9,6,6,6,3,4,3,5,5,4,2,1,2,2,2,2,1,2,2,1,1,2,2,2,1,2,2,1,1,5,19,49,5528,59,217,123,50,59,39,30,34,62,82,114,40,40,6,17,8,53,31,29,124,1276,24,24,1
"181",554,"lnkd",1,7,88,6,2.333333333,6,6,5.333333333,5,50,2,22,7,NA,1,NA,6,NA,NA,4,6,6,3,3,1,6,6,6,6,5,5,6,6,6,2,1,2,2,1,2,1,2,2,2,2,2,2,2,2,1,2,1,1,6,5,26,45,20,38,40,12,17,7,4,6,16,14,11,19,9,3,8,3,49,26,3,4,391,24,24,70
"182",555,"vtsoz",1,6,75,5.5,3.666666667,6,4.666666667,1.666666667,7,70,1,20,7,NA,1,NA,3,NA,NA,2,5,6,4,4,3,6,6,6,2,1,2,5,4,5,2,1,2,1,2,2,1,2,2,1,1,2,2,2,1,1,2,1,1,29,6,66,83,10,38,31,12,30,33,25,13,20,9,16,10,21,1,11,2,30,23,5,2,526,24,24,52
"183",557,"vtsoz",1,4,50,3,1,6,2.666666667,3,8,80,1,56,7,NA,8,NA,4,NA,NA,4,4,2,1,1,1,6,6,6,5,2,2,2,1,5,2,1,2,1,2,2,2,2,2,1,1,2,1,2,1,1,2,1,2,1,10,51,127,36,55,61,30,80,26,31,34,59,24,41,18,51,5,4,4,74,14,15,3,854,24,24,24
"184",558,"vtsoz",1,5,63,5,1,6,4,5.666666667,9,90,1,29,8,NA,11,NA,4,NA,NA,4,5,5,1,1,1,6,6,6,6,5,6,4,4,4,2,2,2,2,2,2,1,2,2,1,1,2,2,2,2,2,2,1,2,5,5,39,86,42,39,43,26,50,13,38,36,46,18,17,27,35,2,19,10,24,34,7,2,663,24,24,25
"185",559,"vtsoz",1,4,50,4.5,1,6,4,4,9,90,1,53,5,NA,4,NA,4,NA,NA,4,5,4,1,1,1,6,6,6,6,4,2,4,4,4,2,1,2,2,2,2,2,2,2,1,1,2,2,2,1,2,2,1,2,3,11,172,156,68,95,35,21,44,14,13,15,62,11,16,16,36,6,5,7,49,20,12,2,889,24,24,26
"186",560,"vtsoz",1,6,75,3.5,3.666666667,6,4.666666667,4.666666667,8,80,2,73,7,NA,8,NA,8,"Rentner",NA,4,4,3,4,3,4,6,6,6,5,4,5,4,5,5,2,2,2,1,2,2,1,2,2,1,1,2,2,2,2,2,2,1,1,3,10,81,105,18,32,52,25,68,28,19,40,38,20,17,41,45,4,21,4,31,NA,NA,NA,702,21,21,14
"187",561,"vtsoz",1,5,63,6,1,6,6,2.666666667,9,90,1,50,4,NA,12,"abgeschlossene Berufsausbildung",4,NA,NA,5,6,6,1,1,1,6,6,6,3,3,2,6,6,6,2,2,2,2,2,2,1,2,2,1,1,2,2,2,2,2,2,2,1,2,27,101,86,35,37,43,29,52,18,25,21,37,10,33,19,41,3,15,3,24,13,5,3,682,24,24,26
"188",563,"vtsoz",1,5,63,4,3,6,5,5,7,70,2,25,5,NA,4,NA,4,NA,NA,5,3,5,4,3,2,6,6,6,5,5,5,5,5,5,1,2,2,1,2,2,2,2,2,2,2,2,2,2,1,2,2,1,1,47,22,79,81,88,69,40,55,62,37,43,22,80,57,40,31,49,3,15,2,71,41,16,NA,1050,23,23,5
"189",564,"vtsoz",1,5,63,6,3.333333333,5.333333333,5.333333333,2.666666667,8,80,2,36,8,NA,10,NA,5,NA,"Im Zweifelsfall der Mails sollte der User wissen, was er zuvor geändert hat (Amazon language settings). Damit ist die Identifikation sehr leicht.",2,6,6,4,3,3,5,5,6,3,3,2,5,6,5,2,2,2,1,2,2,2,2,2,1,2,2,2,2,2,2,2,1,2,2,5,20,35,6,25,29,13,28,18,16,4,202,14,6,32,22,2,10,1,26,25,9,50,600,24,24,74
"190",565,"vtsoz",1,NA,NA,NA,NA,NA,NA,NA,NA,NA,1,32,8,NA,11,NA,4,NA,NA,5,6,6,1,1,1,6,6,6,4,2,1,5,6,6,2,1,2,2,2,2,2,2,2,2,2,2,2,2,1,1,2,1,1,3,18,37,74,23,33,39,24,32,13,10,33,51,48,15,18,22,3,13,4720,NA,NA,NA,NA,513,19,20,23
"191",566,"vtsoz",1,4,50,4.5,2.333333333,6,3,5.333333333,7,70,1,49,8,NA,11,NA,5,NA,NA,5,5,4,1,3,3,6,6,6,6,5,5,3,3,3,2,1,2,1,2,2,2,2,2,2,1,2,2,2,1,1,2,2,2,5,9,48,164,65,64,48,33,51,43,23,30,60,56,34,17,51,15,20,7,58,39,12,3,955,24,24,6
"192",568,"vtsoz",1,4,50,6,1,6,5.666666667,2.333333333,8,80,2,67,8,NA,11,NA,8,"Rentner",NA,5,6,6,1,1,1,6,6,6,4,2,1,5,6,6,2,2,2,2,1,2,1,2,2,1,1,2,2,2,2,2,2,2,2,9,21,81,108,48,68,42,27,65,12,18,24,45,32,31,37,60,3,45,3,60,67,15,4,925,24,24,6
"193",569,"vtsoz",1,6,75,5.5,2.666666667,6,5,1.666666667,6,60,2,23,7,NA,1,NA,3,NA,NA,5,5,6,3,3,2,6,6,6,2,2,1,5,4,6,2,1,1,1,2,2,2,2,2,2,1,2,2,2,1,1,2,1,1,4,6,32,41,24,23,16,25,25,14,9,36,21,9,13,15,17,2,16,2,12,19,14,2,397,24,24,55
"194",570,"vtsoz",1,5,63,5.5,2.666666667,6,4.666666667,4,8,80,2,60,8,NA,11,NA,5,NA,NA,3,5,6,4,2,2,6,6,6,6,4,2,4,5,5,2,2,2,1,2,2,2,2,2,2,1,2,2,2,1,2,1,1,2,53,22,79,170,46,111,57,58,80,52,37,28,74,49,83,34,64,2,13,3,78,52,25,14,1237,24,24,4
"195",573,"vtsoz",1,6,75,4,1.333333333,6,4.666666667,4.333333333,9,90,2,19,7,NA,1,NA,3,NA,"Sehr gut gemachte Studie! Ich war allerdings durch den Versuchsaufbau extra vorsichtig, das mag im Alltag möglicherweise anders sein. Außerdem fehlte meiner Meinung nach zum Beispiel bei dem Phishing- oder Echt-Erkennen-Beispiel mit der veränderten Spracheinstellung die Info, ob der*die Nutzer*in die Sprache tatsächlich selber vor Kurzem verändert hat, oder nicht. Bei den Wissensfragen hätte ich außerdem eine Prozentangabe oder Beschreibung der Zustimmungsgrade zur besseren Orientierung gut gefunden. Das sind aber eher Kleinigkeiten, insgesamt waren die Tests und vor allem die Auswertung sehr interessant!",5,4,4,1,1,2,6,6,6,5,5,3,4,5,5,2,2,2,1,2,2,2,2,2,1,1,2,2,2,2,2,2,1,1,40,90,77,6635,165,94,85,78,112,86,47,45,57,85,64,43,87,19,63,11,554,82,322,337,1606,24,24,0
"196",574,"vtsoz",1,4,50,4,3,6,4.333333333,3.333333333,7,70,1,40,5,NA,5,NA,4,NA,NA,1,4,4,2,4,3,6,6,6,4,3,3,4,4,5,2,2,2,1,2,2,1,2,2,2,1,2,2,2,1,2,1,2,2,13,14,65,231,92,58,72,52,104,72,22,56,85,40,124,20,27,5,7,4,108,69,22,10,1372,24,24,3
"197",575,"vtsoz",1,5,63,6,1,6,6,3,8,80,2,64,8,NA,11,NA,8,"Rentner",NA,5,6,6,1,1,1,6,6,6,5,2,2,6,6,6,2,1,2,2,2,2,2,2,2,2,1,2,2,2,2,2,2,1,2,8,12,55,74,36,226,42,49,62,41,14,24,66,22,20,31,22,6,18,5,49,49,18,6,955,24,24,5
"198",578,"vtsoz",1,5,63,3,3.333333333,6,3.333333333,4,6,60,1,31,8,NA,11,NA,4,NA,NA,4,3,3,3,4,3,6,6,6,4,4,4,4,4,2,2,1,2,1,1,2,2,2,2,1,2,1,2,2,1,1,2,1,1,1,7,32,88,11,42,28,103,38,29,9,11,16,12,16,10,11,2,12,1,68,35,3,1,586,24,24,69
"199",579,"vtsoz",1,3,38,6,3.666666667,6,6,3,7,70,2,66,4,NA,9,NA,8,"Rentner",NA,-9,6,6,5,5,1,6,6,6,4,3,2,6,6,6,2,1,2,2,2,2,1,2,2,2,1,2,2,2,1,2,2,2,2,5,30,76,142,45,67,74,59,42,28,61,8,69,9,9,8,11,2,19,5,65,49,6,2,891,24,24,32
"200",580,"vtsoz",1,3,38,6,1.666666667,6,6,4,6,60,2,56,5,NA,7,NA,4,NA,NA,5,6,6,1,1,3,6,6,6,6,3,3,6,6,6,2,1,2,1,2,2,1,1,2,1,1,2,2,2,1,2,2,2,2,32,18,95,114,33,114,91,53,111,61,28,45,85,45,58,77,59,6,14,9,138,49,35,10,1380,24,24,0
"201",583,"vtsoz",1,4,50,5,1,6,3.666666667,3.666666667,5,50,2,75,4,NA,5,NA,8,"Rentner",NA,5,5,5,1,1,1,6,6,6,4,3,4,4,3,4,1,1,2,1,2,2,1,1,2,2,1,2,1,2,1,2,1,1,2,16,19,115,253,64,88,76,51,153,82,89,38,67,42,95,121,82,9,29,15,153,35,292,18,1724,24,24,0
"202",584,"vtsoz",1,4,50,5.5,4,6,5,3.333333333,8,80,2,61,6,NA,5,NA,8,"Rentner",NA,5,5,6,4,3,5,6,6,6,4,4,2,5,5,5,2,1,2,1,2,2,2,2,2,1,1,2,2,2,1,1,2,2,2,23,53,73,166,63,149,134,46,84,22,78,30,78,22,22,18,56,10,140,6,88,40,13,4,1293,24,24,4
"203",585,"vtsoz",1,8,100,5,1.666666667,4,4.666666667,3,7,70,3,44,8,NA,4,NA,4,NA,"Ich habe tatsächlich beim Beantworten der ersten Fragen allgemeiner an ""böse Dinge, die aus dem e-Mail-Postfach kommend meine User angreifen könnten"" gedacht und dann teilweise geschwankt, was jetzt noch mitgemeint ist odert nicht.",4,5,5,1,1,3,3,3,6,5,2,2,4,4,6,2,1,2,1,2,2,1,2,2,1,1,2,2,2,2,1,1,1,1,2,5,47,178,32,38,50,15,35,24,13,8,47,12,44,11,22,4,3,2,19,10,18,308,644,24,24,46
"204",586,"vtsoz",1,5,63,5,2,6,4,3,7,70,1,22,7,NA,1,NA,3,NA,NA,5,5,5,2,2,2,6,6,6,3,3,3,4,4,4,2,1,2,1,2,2,1,2,2,1,1,2,2,2,1,2,2,1,1,94,7,37,95,32,95,60,65,40,39,41,16,45,58,44,17,42,3,10,3,19,47,3,5,829,24,24,22
"205",587,"vtsoz",1,4,50,5,2,5,2,2,5,50,1,57,6,NA,7,NA,4,NA,NA,5,5,5,3,2,1,5,5,5,2,2,2,2,2,2,2,2,2,1,1,2,1,1,2,1,2,2,2,2,1,2,2,1,2,3,30,55,86,16,45,35,29,27,20,47,21,59,36,58,27,29,4,24,4,80,NA,NA,NA,735,21,21,12
"206",589,"vtsoz",1,5,63,4,2.333333333,6,4.666666667,3.333333333,5,50,2,63,8,NA,11,NA,4,NA,NA,5,4,4,3,2,2,6,6,6,4,2,4,4,5,5,2,1,2,1,2,2,1,1,2,2,1,2,2,2,1,2,1,2,1,21,73,69,142,51,74,55,35,85,59,48,18,150,35,59,150,215,9,39,5,225,106,396,11,1434,24,24,1
"207",590,"vtsoz",1,5,63,3.5,3.666666667,6,4,5,7,70,1,18,7,NA,1,NA,3,NA,NA,-9,4,3,4,3,4,6,6,6,5,5,5,5,3,4,2,1,2,1,2,2,2,2,2,1,2,2,2,1,1,1,2,1,1,78,150,120,128,66,32,54,17,37,13,13,25,17,34,24,19,15,3,18,4,37,18,10,2,728,24,24,23
"208",591,"vtsoz",1,3,38,5,1,5.666666667,3.666666667,5.333333333,5,50,2,64,5,NA,9,NA,6,NA,NA,5,-9,5,1,1,1,6,5,6,6,6,4,4,3,4,1,1,1,1,2,2,2,2,1,2,1,2,2,2,1,2,2,2,2,4,27,128,322,97,119,117,54,145,83,67,91,106,66,51,28,19,24,9,7,335,133,42,61,1796,24,24,3
"209",594,"vtsoz",1,7,88,5.5,5,4,4,4,6,60,2,62,8,NA,11,NA,4,NA,NA,5,6,5,5,5,5,4,4,4,4,4,4,4,4,4,2,2,2,2,1,1,1,2,1,1,1,2,2,1,2,1,1,1,1,2,5,16,21,3,10,6,2,5,4,4,4,4,3,4,3,4,3,1,2,7,3,NA,NA,116,22,22,303
"210",595,"vtsoz",1,6,75,5.5,4,6,4.333333333,2.333333333,5,50,1,64,8,NA,11,NA,6,NA,"Sehr gute Befragung. Hat mir gezeigt, dass ich in der Theorie noch was lernen kann. In der Praxis bin ich nach Bauch-Gefühl besser als in der Theorie, obwohl ich auch da noch etwas lernen kann. Da ich aber eher zu misstrauisch bin als zu vertrauensselig - sehe ab und an Phishing, wo keines ist - muss ich mir nicht zu viele Sorgen machen.",5,6,5,4,4,4,6,6,6,3,2,2,5,4,4,2,1,2,1,2,2,1,1,2,2,1,2,1,2,2,1,2,1,1,32,17,144,217,69,79,56,37,161,63,41,45,194,104,96,67,87,15,28,9,190,154,95,298,1924,24,24,0
"211",596,"vtsoz",1,3,38,1,1.333333333,6,1.666666667,2.333333333,4,40,1,55,7,NA,9,NA,4,NA,NA,5,1,1,2,1,1,6,6,6,3,2,2,2,2,1,2,1,2,1,1,2,1,2,2,2,2,2,2,2,1,2,2,2,2,5,19,47,97,28,58,31,22,37,11,15,13,22,24,11,13,15,3,5,3,69,9,14,3,574,24,24,34
"212",597,"vtsoz",1,7,88,4.5,1.666666667,6,5,3,9,90,2,31,6,NA,4,NA,4,NA,NA,5,5,4,1,2,2,6,6,6,4,3,2,5,5,5,1,2,2,2,1,2,2,2,2,1,1,2,2,2,2,1,2,1,1,12,233,105,175,41,66,44,18,36,8,12,13,34,36,48,11,18,3,7,3,44,21,8,1,780,24,24,32
"213",598,"vtsoz",1,6,75,5,1,6,4,3,8,80,1,58,8,NA,11,NA,4,NA,NA,5,5,5,1,1,1,6,6,6,5,2,2,4,4,4,2,2,2,2,2,2,1,2,2,2,1,2,2,2,1,2,1,1,1,21,83,75,127,38,46,78,33,57,37,16,71,93,49,79,38,29,8,6,4,146,51,18,8,1211,24,24,4
"214",599,"vtsoz",1,4,50,4,2,5,3.666666667,4.333333333,7,70,1,51,7,NA,9,NA,5,NA,"das war interessant und aufschlussreich, danke",5,4,4,2,2,2,5,5,5,5,4,4,3,4,4,2,1,2,1,2,2,1,2,2,1,1,2,2,1,1,2,2,1,1,2,17,33,47,7,31,38,7,28,51,33,34,23,40,36,21,25,11,27,8,38,84,17,22,680,24,24,32
"215",600,"vtsoz",1,5,63,2,1.333333333,6,5,3.333333333,8,80,2,61,8,NA,11,NA,8,"Rentner",NA,5,3,1,1,2,1,6,6,6,5,3,2,5,5,5,2,2,2,2,2,2,1,2,2,2,1,2,2,2,2,1,2,2,2,3,9,72,88,67,83,61,47,68,85,23,61,98,50,87,41,62,5,4,5,203,91,14,2,1329,24,24,13
"216",601,"vtsoz",1,6,75,5,3.333333333,5.333333333,4.333333333,2.333333333,7,70,1,23,7,NA,9,NA,4,NA,NA,5,5,5,3,3,4,5,5,6,3,2,2,4,5,4,2,1,2,2,2,2,1,2,2,1,2,1,2,2,2,1,2,1,1,3,16,64,89,37,68,35,30,71,49,20,12,19,25,24,18,24,3,16,4,85,54,11,11,788,24,24,13
"217",602,"vtsoz",1,7,88,5,1.666666667,6,5.666666667,3,8,80,1,34,7,NA,7,NA,8,"arbeitsunfähig",NA,5,5,5,2,1,2,6,6,6,4,2,3,5,6,6,2,1,2,2,2,2,1,2,2,1,1,2,2,2,2,1,2,1,1,4,227,54,72,78,59,38,49,74,47,21,57,91,66,43,27,234,13,27,6,65,19,11,5,968,24,24,5
"218",603,"vtsoz",1,7,88,3.5,2.666666667,5,4,3.666666667,6,60,1,22,7,NA,11,NA,3,NA,NA,4,4,3,3,2,3,5,5,5,4,4,3,4,4,4,2,1,2,1,1,2,1,2,2,1,1,2,2,2,2,2,1,1,1,3,60,65,99,38,66,44,63,53,48,34,38,90,42,66,26,32,6,18,5,18,23,21,4,962,24,24,8
"219",605,"vtsoz",1,6,75,4,2,6,4.333333333,2.666666667,4,40,1,57,4,NA,5,NA,4,NA,"Ich fand die Befragung sehr interessant und habe festgestellt, dass ich doch nicht so gut über Pishing informiert bin.",5,4,4,3,2,1,6,6,6,3,2,3,5,4,4,2,2,1,2,1,2,1,1,2,2,2,2,2,2,1,2,1,1,1,15,254,144,186,89,156,109,52,91,33,12,8,76,20,135,59,28,6,42,10,91,51,30,129,1464,24,24,7
"220",606,"vtsoz",1,4,50,5,2,6,2.333333333,3.666666667,7,70,1,60,7,NA,9,NA,4,NA,NA,4,5,5,2,2,2,6,6,6,4,4,3,3,2,2,2,2,2,1,2,2,1,2,2,1,2,2,2,2,1,2,2,2,1,4,18,64,115,51,81,46,31,71,30,14,15,59,17,5,20,23,3,13,2,26,20,15,4,747,24,24,25
"221",607,"vtsoz",1,5,63,1,1.666666667,6,6,3,7,70,1,29,8,NA,11,NA,4,NA,NA,4,1,1,3,1,1,6,6,6,3,3,3,6,6,6,2,1,2,1,2,2,1,2,2,1,1,2,2,2,1,2,1,1,2,2,12,64,100,19,32,47,9,24,21,29,11,64,15,39,19,20,4,11,5,24,13,8,2,594,24,24,35
"222",608,"vtsoz",1,4,50,4,2.666666667,6,3.666666667,3,8,80,2,69,7,NA,10,NA,5,NA,"E-Mails, die ich nicht zweifelsfrei als echt identifizieren kann, lösche ich in der Regel ungelesen und Versuche die Echtheit auf andere Weise (Tel oder eigene E-Mail etc.) zu verifizieren.",4,4,4,3,2,3,6,6,6,3,4,2,3,3,5,2,2,2,1,2,2,1,2,2,1,1,2,2,2,2,2,2,2,2,23,90,181,212,61,76,70,69,117,63,46,53,101,32,37,40,54,16,25,39,283,114,19,188,1791,24,24,0
"223",609,"vtsoz",1,5,63,5.5,3,6,5.666666667,4.666666667,6,60,1,37,8,NA,11,NA,4,NA,NA,4,5,6,3,3,3,6,6,6,5,4,5,5,6,6,2,2,1,1,2,2,1,2,2,1,2,2,2,1,2,2,2,1,1,3,22,42,68,20,37,30,18,20,6,12,13,14,29,25,2964,36,5,12,3,93,56,9,NA,598,23,23,33
"224",610,"vtsoz",1,6,75,2,2.666666667,5.333333333,2,3.666666667,8,80,1,24,8,NA,11,NA,3,NA,NA,5,2,2,4,2,2,5,6,5,4,4,3,2,2,2,2,1,2,2,2,2,2,2,2,2,1,2,2,2,1,1,2,1,1,24,6,40,98,45,63,39,33,48,26,15,22,21,28,42,28,20,5,12,4,50,49,9,5,732,24,24,12
"225",611,"vtsoz",1,6,75,4,1,6,5,3,9,90,2,62,6,NA,7,NA,4,NA,NA,4,4,4,1,1,1,6,6,6,4,3,2,4,5,6,2,2,2,2,2,2,2,2,2,2,1,2,2,2,1,2,1,1,1,19,24,104,98,44,77,42,40,91,23,16,40,83,22,79,73,70,9,24,3,31,53,20,15,1100,24,24,4
"226",612,"vtsoz",1,4,50,4,4.666666667,6,3,4.333333333,7,70,1,32,8,NA,11,NA,4,NA,NA,5,5,3,5,4,5,6,6,6,5,3,5,3,2,4,2,1,2,1,2,2,1,2,2,1,1,2,2,2,1,2,2,1,2,7,79,62,163,51,51,47,45,55,21,31,32,55,24,22,30,26,15,26,8,91,76,12,4,1033,24,24,3
"227",615,"frnd",1,8,100,3.5,1.666666667,6,4,4,6,60,1,31,8,NA,11,NA,8,"Doktorand",NA,5,4,3,2,1,2,6,6,6,4,4,4,4,4,4,2,1,2,1,2,2,2,2,1,2,1,2,2,2,2,1,1,1,1,2,71,76,92,40,93,49,16,36,30,18,35,48,25,63,17,12,3,12,4,21,13,6,3,785,24,24,25
"228",616,"vtsoz",1,2,25,4,3.666666667,6,5,1.666666667,5,50,1,63,5,NA,5,NA,8,"Rentnerin",NA,2,4,4,4,4,3,6,6,6,2,2,1,5,5,5,2,1,2,1,2,2,1,2,2,2,2,2,2,1,1,2,2,2,2,19,60,99,165,84,78,87,48,74,46,37,79,82,22,31,23,52,10,15,7,197,49,18,11,1393,24,24,1
"229",617,"vtsoz",1,5,63,5.5,3,6,5,3,5,50,2,56,6,NA,10,NA,4,NA,NA,2,6,5,3,3,3,6,6,6,3,3,3,5,5,5,2,1,2,1,2,1,1,2,2,2,1,2,2,2,1,2,2,1,1,36,91,80,131,43,101,55,30,173,32,21,39,47,37,15,16,23,6,18,11,205,48,43,3,1304,24,24,5
"230",618,"vtsoz",1,6,75,6,2.333333333,6,3.333333333,4.333333333,8,80,1,41,10,"Promotion",11,NA,4,NA,NA,5,6,6,2,1,4,6,6,6,5,4,4,3,3,4,2,2,2,1,2,2,2,2,2,1,2,2,2,2,1,1,2,1,1,6,44,119,144,48,100,40,51,75,37,17,48,40,101,15,44,58,9,14,2,85,71,52,1,1221,24,24,14
"231",623,"vtsoz",1,5,63,3,3.333333333,6,2,2,4,40,1,50,5,NA,9,NA,4,NA,NA,5,4,2,4,4,2,6,6,6,2,2,2,2,2,2,1,1,1,1,2,2,1,1,2,1,2,2,2,2,2,2,1,2,2,5,9,62,83,14,33,34,5,30,25,27,21,19,4,7,4,7,2,9,4,20,11,6,2,443,24,24,80
"232",625,"vtsoz",1,5,63,5,1.333333333,5.666666667,5,3,8,80,1,24,8,NA,11,NA,3,NA,NA,3,5,5,1,2,1,5,6,6,3,3,3,5,5,5,2,1,2,2,2,2,2,2,2,1,2,1,2,2,1,2,1,1,1,3,4,51,57,11,40,37,35,50,26,15,8,18,32,25,11,10,2,4,2,29,41,NA,NA,511,22,22,48
"233",627,"vtsoz",1,6,75,5.5,4,6,5.666666667,4.333333333,7,70,1,28,7,NA,11,NA,4,NA,NA,5,6,5,3,4,5,6,6,6,4,4,5,5,6,6,2,1,2,1,2,2,1,2,2,1,1,2,2,2,1,1,2,1,1,3,11,78,67,10,36,37,17,36,29,12,13,25,19,27,13,13,2,5,1,49,34,4,2,543,24,24,47
"234",628,"vtsoz",1,6,75,5,3,5.666666667,5,4,7,70,2,50,3,NA,4,NA,4,NA,NA,3,5,5,2,2,5,5,6,6,3,4,5,5,5,5,2,1,2,1,2,2,2,2,2,2,1,2,2,2,1,1,1,1,2,7,36,76,138,102,73,75,53,62,54,19,43,71,364,110,31,22,8,17,3,72,56,21,2,1181,24,24,4
"235",632,"mttr",1,7,88,5,3.333333333,5,6,2.666666667,8,80,2,51,7,NA,9,NA,4,NA,"Bei der Bewertung von Phishing Mails spielt oft auch der Kontex eine Rolle. Wenn ich z.B. bei einer Firma gerade was bestellt habe, dann stimmt auch die Rechnung. Andersrum wenn ich nichts bestellt habe und eine Rechnung erhalte, bin ich skeptisch und denke ehr an Phishing. 
Bei einer echten Mail kann man sich auch noch über den Mail-Header schlau machen, ob es ehr Phishing ist. 
Die Fragen lassen auch immer nur ein 'ich klicke' oder ein nein zu. Ich würde nie auf einen Link klicken, um mich z.B. bei Amazon oder PayPal anmelden. Ich würde dann immer über dne Browser und den offiziellen Zugang gehen und überprüfen, ob ich wirklich handeln muss, wie mich eine Mail zu auffordert. 

Was die allgemeinen Fragen betrifft, so ist es auch nicht immer eindeutig. Die Frage nach den Filtern ist abhängig von den eingesetzten Filtern. Sicher wird einiges rausgefiltert. Aber sich drauf verlassen darf man nicht, denn es kommt leider immer noch etwas durch.",2,5,5,4,4,2,5,5,5,3,3,2,6,6,6,2,2,2,1,2,2,2,2,2,2,1,2,2,2,1,1,1,1,1,6,64,120,175,80,69,70,39,60,28,27,39,57,40,66,33,54,5,8,16,39,18,31,418,1149,24,24,4
"236",633,"mttr",1,4,50,4,1,6,4,4.333333333,6,60,1,57,7,NA,11,NA,5,NA,NA,5,4,4,1,1,1,6,6,6,5,4,4,4,4,4,2,2,2,1,2,2,1,2,2,2,2,2,2,1,1,2,2,1,1,3,26,70,145,57,63,50,50,70,31,14,27,100,20,39,25,56,9,4,5,116,5,5,3,993,24,24,27
"237",635,"vtsoz",1,5,63,2,2.666666667,6,3.333333333,4.333333333,4,40,1,53,4,NA,7,NA,4,NA,NA,5,2,2,3,3,2,6,6,6,5,4,4,4,3,3,2,1,2,1,2,2,1,1,2,2,2,2,2,2,1,1,1,2,2,4,35,87,147,35,50,59,60,122,20,40,16,20,48,54,27,14,14,19,6,43,24,19,3,966,24,24,10
"238",638,"mttr",1,4,50,5,2,6,4.333333333,6,7,70,2,60,8,NA,4,NA,4,NA,"Die Bezeichnung ""Lehre"" ist nicht mehr korrekt, es heißt jetzt ""Ausbildnung"".
Die Antwortskala ""trifft ...nicht zu"" bis ""trifft ...zu"" war für mich häufig nicht passend

Viel Erfolg und Grüße an Oliver",4,5,5,2,3,1,6,6,6,6,6,6,5,4,4,2,2,2,1,2,2,1,2,2,2,1,2,2,2,1,2,2,1,2,34,14,112,137,12,43,58,32,62,17,21,27,94,23,15,42,24,2,14,13,44,62,14,162,921,24,24,13
"239",639,"mttr",1,7,88,6,1.666666667,6,5.333333333,3.666666667,9,90,2,55,7,NA,11,NA,4,NA,"Im Zweifel tendiere ich dazu, auch in echten Mails lieber nicht auf Links zu klicken, sondern die bekannten Adressen einzutippen oder Bookmarks zu nutzen :-)",1,6,6,2,1,2,6,6,6,4,3,4,5,5,6,2,2,2,2,2,2,2,2,2,2,1,2,2,2,2,1,1,1,2,10,134,48,158,46,75,59,55,108,20,16,18,68,89,76,32,37,4,8,10,35,35,25,2947,1053,24,24,6
"240",640,"mttr",1,6,75,5,1,6,5,2.333333333,7,70,1,53,8,NA,11,NA,6,NA,NA,5,5,5,1,1,1,6,6,6,4,2,1,4,5,6,2,2,2,2,2,2,1,2,2,2,2,2,2,2,2,1,2,1,2,23,65,64,99,26,47,37,16,100,18,13,9,37,40,31,21,25,4,8,8,54,35,22,3,805,24,24,14
"241",642,"vtsoz",1,4,50,5.5,5,6,6,2.666666667,7,70,1,22,8,NA,11,NA,3,NA,NA,5,5,6,5,5,5,6,6,6,4,2,2,6,6,6,2,2,2,1,2,2,1,2,2,1,2,2,1,1,1,1,2,1,1,5,4,31,40,23,41,21,34,52,22,27,24,42,13,26,10,17,7,17,1,91,48,9,4,609,24,24,33
"242",643,"vtsoz",1,NA,NA,NA,NA,NA,NA,NA,NA,NA,1,57,8,NA,10,NA,4,NA,NA,5,3,2,4,2,4,6,6,5,4,2,4,2,2,2,2,1,1,1,2,2,1,1,2,1,1,2,1,2,1,1,2,2,2,9,27,72,110,31,28,42,29,75,52,63,43,92,53,28,39,41,5,NA,NA,NA,NA,NA,NA,839,18,18,4
"243",648,"vtsoz",1,5,63,1.5,3.333333333,5.333333333,4,4.666666667,6,60,1,30,8,NA,10,NA,4,NA,NA,5,2,1,4,2,4,5,6,5,5,5,4,4,4,4,2,2,2,1,2,2,1,2,2,2,2,2,2,1,1,1,2,1,1,1,5,35,60,55,39,27,28,51,13,30,18,26,17,17,11,11,3,8,5,55,53,5,2,575,24,24,45
"244",649,"vtsoz",1,NA,NA,NA,NA,NA,NA,NA,NA,NA,2,58,8,NA,10,NA,5,NA,NA,4,5,5,5,4,5,5,5,5,5,5,5,4,4,5,2,1,2,1,2,2,1,2,2,1,2,2,2,2,2,2,2,2,2,4,22,88,119,19,49,32,46,46,25,19,40,21,15,21,10,13,4,134,NA,NA,NA,NA,NA,608,19,19,21
"245",651,"vtsoz",1,6,75,6,3.333333333,6,2.333333333,3.666666667,8,80,1,40,8,NA,12,"Referendariat/2. Staatsexamen",5,NA,NA,4,6,6,2,4,4,6,6,6,5,3,3,3,2,2,2,2,2,2,2,2,1,2,2,1,2,2,2,2,1,1,1,1,2,2,11,83,68,33,38,35,14,61,24,39,13,24,56,17,10,28,2,11,3,32,22,9,3,638,24,24,29
"246",652,"vtsoz",1,4,50,1,2,6,2.666666667,4.333333333,8,80,1,58,4,NA,8,NA,5,NA,NA,2,1,1,2,2,2,6,6,6,5,4,4,3,2,3,2,1,2,1,2,2,2,2,2,1,1,2,2,2,1,2,2,1,2,3,18,68,177,97,70,47,53,68,15,30,8,29,11,20,21,12,2,9,3,29,3,10,3,806,24,24,47
"247",653,"vtsoz",1,4,50,2.5,1,6,1.333333333,4.333333333,7,70,1,54,8,NA,11,NA,4,NA,"Ob ich mails als phishing mails einordne, hängt zum großen Teil auch davon ab, ob ich überhaupt mails von der Adresse als plausibel erachte. Wenn ich kein Bankkonto bei der jenigen Bank, keine Lufthansaflüge etc. habe, dann käme ich nicht auf die Idee solche mails zu öffnen. Insofern habe ich auch eher immer zu phishing tendiert. Gut wäre es jetzt von Ihnen genau erklärt zu bekommen, warum denn die Lufthansa mail eine phishing mail ist und woran ich das explizit in dieser mail erkenne!",4,3,2,1,1,1,6,6,6,5,4,4,1,1,2,2,1,2,1,2,2,1,2,2,1,1,2,2,2,1,2,2,1,2,14,8,43,66,41,52,39,26,449,41,20,23,56,174,20,31,114,4,16,4,116,100,64,222,1136,24,24,7
"248",655,"vtsoz",1,7,88,4.5,2.333333333,6,3.333333333,3.333333333,7,70,1,61,4,NA,5,NA,8,"Hausfrau",NA,5,5,4,2,2,3,6,6,6,4,3,3,2,4,4,2,2,2,1,2,2,1,2,2,2,1,2,2,2,2,2,1,1,1,4,12,94,113,18,35,33,25,60,20,14,22,41,42,58,37,19,3,7,4,67,45,16,6,795,24,24,13
"249",657,"vtsoz",1,6,75,4.5,2,5.666666667,4.333333333,3.666666667,8,80,2,54,7,NA,9,NA,4,NA,"Ich klicke in E-Mails etwa von Amazon, PayPal, Fluggesellschaften etc. niemals auf Links, auch wenn ich die E-Mails für echt halte. 
Insofern finde ich die Antwortkategorie ""Echt / Würde klicken"" nicht ganz passend. Allerdings wüsste ich auch keine bessere Formulierung...",5,4,5,2,2,2,6,6,5,5,3,3,4,4,5,2,2,2,1,2,2,2,2,2,2,1,2,2,2,2,1,2,1,2,14,86,61,104,34,50,44,33,45,58,25,32,74,48,38,28,42,7,210,7,149,112,32,399,1143,24,24,1
"250",658,"mttr",1,4,50,4,2.666666667,6,2,3,10,100,2,68,8,NA,11,NA,8,"Pensionär","Keine der gezeigten E-Mails wäre für mich relevant gewesen, deshalb habe ich alle Mails als Phishing gekenzeichnet. Mail's die von Seiten kommen, die ich nicht kontaktiert habe oder nutze öffne ich nicht sondern lösche sie.",5,4,4,1,3,4,6,6,6,4,3,2,2,2,2,2,2,2,2,2,2,2,2,2,1,1,2,2,2,2,2,2,2,2,64,347,134,264,112,123,153,74,190,70,48,50,120,52,39,91,52,47,67,10,492,56,84,258,1803,24,24,0
"251",659,"vtsoz",1,6,75,5.5,3,6,4,4.666666667,9,90,1,30,8,NA,11,NA,5,NA,NA,5,5,6,2,1,6,6,6,6,6,5,3,4,3,5,2,2,2,2,2,2,2,2,2,1,2,2,2,2,1,2,1,1,1,11,34,48,98,31,57,46,27,42,16,16,18,35,30,27,11,21,5,22,5,24,28,14,14,680,24,24,12
"252",660,"mttr",1,3,38,4,3,6,4.333333333,1.666666667,4,40,1,55,8,NA,10,NA,6,NA,NA,2,5,3,2,3,4,6,6,6,2,2,1,4,4,5,2,1,1,1,2,2,1,2,2,2,2,2,2,2,1,2,2,2,2,13,26,74,302,187,142,126,41,106,16,55,37,109,15,55,19,13,12,37,20,111,13,4,8,1541,24,24,15
"253",661,"vtsoz",1,6,75,4.5,3,5.666666667,4.666666667,3,9,90,1,54,6,NA,12,"Fachlehrerin",5,NA,NA,2,4,5,3,3,3,5,6,6,4,3,2,5,4,5,2,2,2,1,2,2,2,2,2,1,1,2,2,-9,2,2,1,1,1,2,10,67,82,42,36,40,38,50,30,10,149,33,28,5,33,5,2,5,4,15,NA,NA,NA,561,21,21,50
"254",662,"vtsoz",1,5,63,5,3,6,4,5,8,80,2,30,8,NA,11,NA,5,NA,"In echt wäre es vermutlich leichter gewesen, die Mails zuzuordnen, weil sie sich häufig auf Aktionen beziehen, die gerade durchgeführt worden sein sollen.",5,5,5,4,2,-9,6,6,6,5,5,5,4,4,4,2,2,2,1,2,2,1,2,2,1,1,2,2,2,1,1,2,1,2,6,5,41,60,37,23,24,14,21,25,16,7,40,15,12,10,29,3,8,3,40,27,8,44,518,24,24,40
"255",664,"vtsoz",1,7,88,4,5,6,4,4.333333333,6,60,1,37,8,NA,11,NA,4,NA,NA,5,4,4,5,5,5,6,6,6,5,4,4,4,4,4,2,2,2,1,2,2,1,2,2,2,2,2,2,2,1,1,1,1,1,8,26,46,97,35,81,43,43,49,29,14,11,41,31,43,34,31,4,13,3,52,46,11,3,794,24,24,9
"256",665,"vtsoz",1,6,75,3.5,2,6,3.666666667,3.333333333,6,60,1,30,7,NA,11,NA,4,NA,NA,5,5,2,3,1,2,6,6,6,4,3,3,4,3,4,2,1,1,1,2,2,2,2,2,2,1,2,2,2,1,1,2,1,1,18,19,42,96,27,44,39,25,25,19,10,32,42,20,28,14,10,5,16,6,96,49,11,7,700,24,24,16
"257",670,"vtsoz",1,4,50,4,3.666666667,5,3.333333333,3.666666667,4,40,1,37,8,NA,10,NA,4,NA,NA,5,4,4,4,4,3,5,5,5,4,4,3,4,3,3,1,1,1,1,2,1,1,2,2,2,1,2,2,2,1,2,2,2,1,3,4,24,36,4,26,18,2,10,4,6,5,5,11,3,3,6,1,15,2,7,1,3,1,200,24,24,217
"258",673,"vtsoz",1,4,50,2,3.333333333,6,5,4.333333333,5,50,1,62,4,NA,4,NA,4,NA,NA,4,3,1,3,3,4,6,6,6,5,4,4,5,5,5,2,1,2,1,2,2,1,2,1,1,2,2,1,1,1,1,2,1,1,22,27,95,159,59,51,67,37,94,50,37,58,76,58,52,41,71,17,26,6,35,NA,NA,NA,1138,21,21,1
"259",674,"vtsoz",1,6,75,4,1.333333333,6,2,4.666666667,10,100,2,40,8,NA,11,NA,5,NA,NA,4,4,4,2,1,1,6,6,6,5,5,4,2,2,2,2,2,2,2,2,2,2,2,2,1,1,2,1,2,1,1,1,1,1,753,4,39,46,8,33,34,5,11,11,19,7,24,7,5,6,17,1,30,1,10,30,7,2,363,24,24,104
"260",681,"vtsoz",1,6,75,5,1,6,5.333333333,1.666666667,8,80,2,68,8,NA,10,NA,4,NA,"Ich bin seit kurzem Pensionär und habe die Fragen so beantwortet, wie ich es während meiner Arbeit getan hätte. Ein Hinweis darauf wäre hilfreich gewesen, wie man als Rentner antworten soll.",1,5,5,1,1,1,6,6,6,2,2,1,6,5,5,2,2,2,2,2,2,1,2,2,2,1,2,2,2,1,1,2,1,1,10,26,84,158,43,91,84,23,69,17,25,53,99,50,37,91,39,7,14,3,153,47,7,325,1235,24,24,5
"261",683,"vtsoz",1,4,50,5,2.666666667,6,5,2,5,50,1,62,5,NA,5,NA,4,NA,NA,3,5,5,1,4,3,6,6,6,2,2,2,5,5,5,2,1,2,1,2,1,1,2,2,2,1,2,2,1,1,1,2,2,1,5,14,62,145,41,57,50,24,36,32,10,25,21,11,10,18,18,4,16,4,41,13,3,2,662,24,24,33
"262",684,"mttr",1,6,75,4,1,6,5,2,8,80,2,54,8,NA,10,NA,6,NA,NA,4,4,4,1,1,1,6,6,6,2,2,2,5,5,5,2,2,2,1,2,2,2,2,2,2,1,2,2,2,2,2,1,2,1,7,52,52,81,86,44,33,24,46,12,10,13,72,16,31,34,34,7,10,6,49,49,NA,NA,768,22,22,14
"263",685,"vtsoz",1,5,63,5,3.333333333,6,4.666666667,2.333333333,8,80,1,41,8,NA,10,NA,4,NA,NA,5,5,5,4,3,3,6,6,6,4,2,1,4,5,5,2,2,2,2,2,2,1,2,2,2,1,2,2,2,2,2,2,1,2,30,77,76,308,134,136,67,36,83,22,97,12,83,34,41,46,21,15,14,7,85,89,77,5,1595,24,24,3
"264",686,"vtsoz",1,6,75,5,1.333333333,5,6,2,7,70,1,22,7,NA,1,NA,3,NA,NA,5,5,5,2,1,1,5,5,5,3,2,1,6,6,6,2,2,2,1,2,2,2,1,2,2,1,2,2,2,1,1,2,1,1,104,4,30,52,23,35,26,31,52,43,8,25,29,10,14,20,13,3,8,2,40,29,15,2,520,24,24,38
"265",687,"vtsoz",1,6,75,6,1,6,5,3,9,90,2,56,4,NA,9,NA,4,NA,NA,5,6,6,1,1,1,6,6,6,3,4,2,5,5,5,2,2,2,1,2,2,2,2,2,1,1,2,2,2,1,2,1,1,1,8,11,52,87,16,97,50,32,26,79,29,31,39,66,110,23,62,14,22,6,33,28,10,4,935,24,24,11
"266",688,"mttr",1,NA,NA,5.5,1,5.666666667,5,3,9,90,2,53,8,NA,11,NA,4,NA,NA,4,5,6,1,1,1,6,6,5,5,2,2,5,5,5,2,2,2,2,1,2,2,2,2,1,1,2,2,2,2,1,2,1,1,10,25,83,128,42,98,67,68,357,59,54,327,176,88,130,85,63,13,40,18,1962,NA,NA,NA,1382,20,21,0
"267",690,"vtsoz",1,5,63,5.5,1.333333333,5.666666667,4,3.666666667,9,90,2,26,8,NA,11,NA,3,NA,"Ich fand die Beispiele interessant gewählt, da sie an mehreren Stellen sich mit Mails befassten, deren automatischer Versand durch verbreitete Onlinedienste tatsächlich üblich ist, sodass sich jeweils die Frage stellt, ob die Mail eine solche legitime automatische Nachricht ist, oder eben Phishing.

Beim Antworten hatte ich oft den Eindruck, nur unvollständige Informationen zu haben, um meine Entscheidung treffen zu können. Im Folgenden sind die wichtigsten Punkte genannt:

Kontext: Meine Bewertung wird auch dadurch beeinflusst, ob ich den fraglichen Dienst überhaupt nutze, und ob der Nachrichteninhalt plausibel ist.
- Wenn ich beispielsweise nie mit Martha Xiua geschrieben habe, und eine solch informell formulierte Mail bekomme, oder sogar überhaupt keine Geschäftsbeziehung zu Shogu unterhalte, würde ich diese Mail sofort als Spam klassifizieren. Dass im Rahmen dieser Studie davon ausgegangen werden sollte, dass sich die Mail mit Martha Xiua in einen laufenden Mailwechsel einfügt, und Echtheit der Mail als korrekte Antwort vorgesehen war, konnte ich letztlich nur raten.
- Im Fall der Amazon-Mail: habe ich überhaupt ein Amazon-Konto, und habe ich dort vor kurzem die Spracheinstellungen geändert?
- Im Fall von Lufthansa: habe ich während der Pandemie einen Flug gebucht und storniert gehabt? Ist es üblich, dass deren (Werbe-)Mails von einer newsletter@your.lufthansa-group.com gesendet werden (weitere Aspekte zu dieser Adresse siehe unten)?
- Im Fall von Slack hat mich gewundert, dass die Mail von feedback@... aus gesendet wurde. Erwartet hätte ich noreply@, no-reply@, vielleicht account@ oder ähnliches. Hier hätte ich normalerweise verglichen, von welchen Adressen aus bisherige legitime Mails gesendet wurden, was im Rahmen der Studie als Information nicht verfügbar war.

Absendename: Wie ja auch abgefragt wurde, stimmt der angezeigte Absendename nicht unbedingt mit der echten Absendeadresse überein. Bei den Screenshots war nicht klar, worum es sich handelt, und ließen sich keine weiteren Informationen abrufen.
- Beispielsweise kann es sich um einen Anzeigenamen statt der Mailadresse handeln (i.S.v.: gedacht für ""Mailprovidername informiert"" als Anzeigename von ""newsletter@mailprovider.tld"", aber auch nutzbar für ""newsletter@mailprovider.tld"", oder noch trickreicher ""Mailprovidername informiert <newsletter@mailprovider.tld>"", als Anzeigename von ""jemand@ganzanderes.tld""). Wie Thunderbird im Fall der Screenshots eingestellt war, also ob es Anzeigenamen verwendet oder immer die Absendeadresse darstellt, war nicht bekannt.

Links: Es ließ sich nicht durch hovern prüfen, wohin die Links führen. Nur in einem Fall einer Spam-Mail war das Ergebnis des Hoverns im Screenshot enthalten.
- Im Fall von Slack, wo mir feedback@ merkwürdig vorkam, aber die Mail gemäß Lösung echt war, wäre das etwas gewesen, was ich als Indiz verwendet hätte.
- Bei der angeblich über Azure versendeten Mail eines angeblichen Siemens AG Guest Accounts hätte ich, neben der Kontextprüfung ob ich einen solchen Account habe, ebenfalls geprüft, wohin die Links führen.
- Bei der Lufthansa-Mail hätte ich geschaut, wohin das ""im Browser öffnen"" führt, und wohin die weiteren Links führen.

Recherche: Im Rahmen der Studie wurde nicht angegeben, und durfte man nicht selbst recherchieren, welche Domain(s) tatsächlich zu einem Dienst gehören
- Bei der Lufthansa-Mail ist mir die Domain your.lufthansa-group.com aufgefallen, wobei ich nicht weiß, ob lufthansa-group.com eine Tatsächlich zu Lufthansa-verbundenen Unternehmen gehördende Domain ist. Das hätte ich in diesem Fall durch eine Suche nach der Domain und einer Bewertung der Suchergebnis-Vorschauen herauszufinden versucht. Im Rahmen der Studie war das aber nicht möglich/nicht zulässig.

In allen diesen Fällen wäre zwar auch mit zusätzlichen Informationen keine eindeutige Bewertung möglich gewesen:
- Auch falls ich einen Lufthansa-Flug storniert habe und der Kontext somit passend ist, oder in Kombination mit Datenlecks sogar gerade in diesem Fall, ich eine darauf Bezug nehmende Phisingmail erhalten.
- Selbst wenn ich die Absendeadresse anzeigen könnte, verblieben das Problem, dass auch sie leicht zu fälschen ist, und das Problem ähnlich aussehender Zeichen.
- Auch wenn ich über Links hovern könnte, könnten sie ähnlich aussehende Zeichen verwenden, oder zwischengeschaltete Trackinglinks von Mailversand-Dienstleistenden (typisch allerdings eher bei Newslettern als bei personenspezifischen Mails).
- Auch wenn lufthansa-group.com zu einem mit der Lufthansa verbundenen Unternehmen gehören würde, könnte mich der Link dank ähnlich aussehender Zeichen woanders hinführen, als ich erwarte.
Meinem Eindruck nach geht es bei Phishingmails aber regelmäßig ""nur"" um solche Indizien, statt um feste Belege. Dass eine Nachricht eine Phishingnachricht ist, lässt sich zwar fest belegen, jedoch nicht das Gegenteil, dass sie echt ist (außer durch kryptographische Signaturen und die Annahme, dass sowohl dieses Verfahren sicher ist, als auch das Zertifikat des Gegenübers nicht komprommitiert wurde etc.).
Diese Informationen nicht zur Verfügung zu haben, erschwerte bzw. machte daher aus meiner Sicht oft unmöglich zu entscheiden, worum es sich handelt. Stattdessen floss bei mir - sofern ich alle anderen Kriterien angewandt hatte und trotzdem zu keinem eindeutigen Ergebnis kam - ein, ob das Umfragedesign wohl enthalten könnte, dass eine für Phishing-/Spam-Mails typische Invoice-Mail trotzdem echt ist, und dass eine automatisierte ""***Spam***-Klassifikation im Betreff ein falsch-positiver Fund sein kann. Ich würde anregen bei der Auswertung zu berücksichtigen, ob eine Rolle bei der objektiven Erkennbarkeit von echten Mails und Phishingmails spielt, welche Informationen in der Studie verfügbar oder nicht verfügbar waren, im Vergleich zu einem realen Anwendungsfall.

Insgesamt habe ich mich aber über die Studie und die vielfältigen Beispiele gefreut, und fand den Hinweis auf ähnlich aussehende Zeichen als Erinnerung daran hilfreich!",4,6,5,1,2,1,5,6,6,5,3,3,3,4,5,2,2,2,2,2,2,2,2,2,2,1,2,2,2,1,1,1,2,2,2,81,69,137,45,70,29,27,61,23,13,36,109,86,132,93,47,4,15,4,145,125,24,2336,1382,24,24,8
"268",692,"vtsoz",1,4,50,4,1.333333333,6,4,3,8,80,1,5,8,NA,11,NA,4,NA,NA,5,4,4,1,1,2,6,6,6,4,3,2,4,4,4,2,1,2,2,2,2,2,2,2,2,1,2,2,2,2,2,2,2,2,7,12,124,101,146,65,43,92,134,60,23,42,24,49,30,32,24,11,5,4,421,64,52,NA,1196,23,23,8
"269",693,"vtsoz",1,4,50,2,3,6,3,NA,6,60,2,58,4,NA,5,NA,4,NA,NA,5,2,2,3,3,3,6,6,6,-9,-9,-9,3,3,3,2,1,2,1,2,2,1,2,2,2,1,2,2,1,1,1,2,2,1,4,25,67,95,30,43,60,20,113,25,28,30,43,52,22,15,32,7,21,18,35,8,4,4,801,24,24,20
"270",695,"vtsoz",1,5,63,5,2,6,4,3,6,60,2,37,8,NA,10,NA,4,NA,NA,5,5,5,2,1,3,6,6,6,3,3,3,4,4,4,2,2,2,1,1,2,1,2,2,2,1,2,2,2,2,2,2,1,2,47,8,41,126,58,87,48,35,112,17,10,23,24,50,10,27,47,9,28,6,43,20,11,20,907,24,24,16
"271",696,"vtsoz",1,2,25,3.5,3.333333333,5,2.333333333,1.666666667,5,50,1,80,6,NA,8,NA,8,"Rente","Meine Englisch Kenntnisse sind gering , die Texte konnte ich nicht gut genug lesen. 
Ich erhalte keine englische Email und würde daher nicht öffnen , wie es 
angebliche Mitarbeiter von Microsoft über Telefon versuchen Zugriff auf den PC zu erhalten",5,4,3,2,4,4,5,5,5,2,2,1,4,1,2,2,1,1,1,2,2,1,2,2,2,1,2,2,1,1,2,2,2,2,4,18,102,218,73,80,63,189,470,42,56,136,85,25,42,28,25,8,81,6,145,18,17,563,1368,24,24,4
"272",698,"vtsoz",1,4,50,4,2,6,4.333333333,3.333333333,8,80,1,47,8,NA,10,NA,5,NA,NA,4,4,4,3,1,2,6,6,6,4,3,3,4,4,5,2,2,2,2,2,2,1,2,2,2,1,2,2,2,1,2,2,1,2,60,9,42,176,68,41,76,27,91,27,16,39,102,95,33,72,137,6,12,4,30,31,23,1,1164,24,24,15
"273",699,"vtsoz",1,4,50,5,2.333333333,6,3.666666667,4,6,60,1,28,5,NA,5,NA,4,NA,NA,1,4,6,2,3,2,6,6,6,4,4,4,4,4,3,2,1,2,1,2,2,2,2,2,2,2,2,1,2,1,1,1,2,2,5,22,47,94,12,86,45,114,101,92,68,23,142,93,42,106,115,5,16,5,38,26,15,2,1314,24,24,10
"274",700,"vtsoz",1,4,50,6,3,6,5,1.333333333,7,70,1,50,4,NA,5,NA,4,NA,"Passwörter werden hier NIE doppelt vergeben, sind 14 Zeichen lang , enthalten Sonderzeichen, Zahlen und Großbuchstaben. Ferner tippe ich fast nie auf Links, sondern steuere die Seite direkt über den Browser an. Das alles ist in den Fragen leider nicht berücksichtigt worden",5,6,6,4,3,2,6,6,6,2,1,1,5,5,5,2,2,2,1,2,2,1,2,2,2,1,2,2,2,1,2,1,2,2,3,6,59,77,19,34,42,20,61,8,19,9,90,25,58,16,17,5,27,4,52,20,21,427,697,24,24,23
"275",702,"vtsoz",1,3,38,6,1.666666667,6,5.333333333,1.666666667,7,70,2,51,6,NA,12,"technische und soziale Berufsausbildung",4,NA,"Ich finde es fraglich, zu vorsichtiges Verhalten als ""falsche"" Antwort zu werten. Ich kannte die Firmen nicht und würde den Links entsprechend nicht folgen. bzw. würde ich mich dann ggf. direkt über die Site anmelden, nicht über die Mail, wenn ich dort Kunde wäre...",4,6,6,2,1,2,6,6,6,2,2,1,5,5,6,2,2,2,1,2,2,1,2,2,2,1,2,2,2,1,2,2,2,2,4,46,166,207,91,110,96,51,101,40,12,37,154,42,33,61,26,6,19,3,107,71,34,149,1522,24,24,3
"276",705,"vtsoz",1,6,75,2,1.666666667,5.333333333,4,5.333333333,7,70,1,22,10,"Bachelor",1,NA,3,NA,NA,5,2,2,2,1,2,5,5,6,6,5,5,3,4,5,2,1,2,1,2,2,1,2,2,1,1,2,2,2,1,1,1,1,2,24,7,63,91,52,42,27,25,78,18,14,27,23,18,25,10,14,8,35,3,36,19,9,7,675,24,24,21
"277",707,"vtsoz",1,5,63,5,2,6,4,3.666666667,9,90,2,42,8,NA,11,NA,4,NA,NA,5,5,5,2,2,2,6,6,6,4,3,4,4,4,4,2,2,2,2,2,2,2,1,2,1,1,2,2,1,1,1,2,1,1,6,6,50,80,23,56,32,32,59,32,17,28,22,40,11,22,16,5,19,3,42,3,7,3,614,24,24,41
"278",708,"vtsoz",1,5,63,4,3,5,4,3.666666667,8,80,2,59,6,NA,5,NA,4,NA,NA,4,4,4,4,2,3,5,5,5,5,3,3,4,4,4,2,2,2,1,2,2,2,2,2,2,1,2,2,2,1,2,2,1,1,2,12,29,58,10,23,33,11,25,9,7,10,48,9,8,16,21,3,25,3,42,8,9,3,424,24,24,60
"279",710,"vtsoz",1,5,63,6,1,6,5,2.666666667,6,60,1,52,8,NA,11,NA,6,NA,NA,5,6,6,1,1,1,6,6,6,5,2,1,5,5,5,2,1,1,1,2,2,1,2,2,1,1,2,2,2,1,2,2,1,1,7,25,81,117,45,93,46,33,57,29,16,25,40,51,21,15,27,5,15,5,205,102,24,6,1090,24,24,4
"280",711,"mttr",1,4,50,4,2.666666667,5,3.666666667,2,9,90,1,54,8,NA,10,NA,6,NA,"Eine Befragung mit hohem Nutzen für mich als Teilnehmer, vielen Dank. Bei den Fragen nach Echtheit von Mails habe ich zwar zu viele Mails als ""Phishing"" gekennzeichnet, doch ich finde auch den Kontext hier wichtig: welche Aktivitäten habe ich rund um die erhaltene Mail getätigt? Kann ich das zuordnen? Das ist hier aus den Mails alleine nicht zu erkennen. 
Viel Erfolg bei der Studie!",4,4,4,3,1,4,5,5,5,3,2,1,2,3,6,2,2,2,2,2,2,1,2,2,1,1,2,2,2,2,2,2,2,2,4,23,58,195,83,94,68,36,209,34,25,49,71,28,27,53,47,3,26,22,73,53,26,243,1312,24,24,3
"281",712,"vtsoz",1,3,38,3.5,2,6,2,4.666666667,6,60,1,44,8,NA,10,NA,5,NA,NA,5,4,3,2,1,3,6,6,6,5,5,4,2,2,2,2,2,2,1,2,2,1,2,2,2,2,2,2,2,1,2,2,2,2,12,31,46,123,35,49,52,23,38,9,11,9,35,22,9,10,11,6,15,2,124,96,12,3,783,24,24,29
"282",713,"vtsoz",1,6,75,4.5,3.333333333,6,4.333333333,3.333333333,8,80,1,27,8,NA,11,NA,3,NA,NA,5,5,4,3,3,4,6,6,6,4,3,3,4,4,5,2,2,2,1,2,2,2,2,2,2,1,2,2,2,1,2,1,1,1,17,8,60,116,53,105,45,40,56,50,25,37,87,75,86,46,21,8,30,3,101,98,27,5,1199,24,24,4
"283",714,"vtsoz",1,5,63,4,1,6,5,4.333333333,6,60,2,50,8,NA,11,NA,4,NA,NA,1,4,4,1,1,1,6,6,6,5,4,4,5,5,5,2,1,2,1,2,2,1,2,2,2,1,2,2,2,1,2,2,1,1,12,16,48,83,30,45,48,27,60,13,24,23,44,23,37,40,26,7,8,5,71,51,9,3,753,24,24,10
"284",715,"vtsoz",1,4,50,5,3,6,2.666666667,3,4,40,1,51,6,NA,8,NA,4,NA,NA,5,5,5,1,3,5,6,6,6,3,3,3,3,2,3,2,1,2,1,1,2,1,1,2,1,2,2,2,2,2,2,2,2,2,21,30,86,109,25,44,42,36,78,32,34,8,88,13,24,27,25,11,42,4,113,39,10,4,945,24,24,10
"285",717,"vtsoz",1,6,75,5,1.333333333,5.666666667,3.666666667,4.333333333,8,80,1,57,5,NA,5,NA,4,NA,NA,3,5,5,1,1,2,5,6,6,5,3,5,4,3,4,2,2,2,2,2,1,1,2,2,1,1,2,2,2,2,2,1,1,2,38,16,85,127,69,56,73,23,47,58,31,53,209,25,46,73,39,6,20,6,62,18,25,7,1212,24,24,4
"286",718,"vtsoz",1,NA,NA,2.5,3.333333333,5,3,6,7,70,1,27,8,NA,11,NA,4,NA,NA,5,3,2,4,3,3,5,5,5,6,6,6,3,3,3,1,2,2,1,2,2,1,2,2,1,2,2,1,2,1,1,2,1,2,1,9,23,97,17,25,22,16,55,5,16,5,8,9,4,6,5,4,8,5,NA,NA,NA,NA,340,20,20,108
"287",720,"vtsoz",1,3,38,3,3.666666667,6,3.666666667,3,7,70,1,54,8,NA,11,NA,6,NA,"Eine ""leider"" niedrige Erkennungsrate, da zu oft misstrauisch, ist etwas anderes als aufgrund von Naivität alles anzuklicken. Mein Motto ist, lieber ein paarmal zu vorsichtig, als umgekehrt. Bin bisher gut damit gefahren ... Trotzdem interessant.",4,3,3,4,3,4,6,6,6,3,3,3,4,3,4,2,2,2,1,2,2,1,1,2,1,1,2,2,2,1,2,2,2,2,20,6,54,186,48,61,44,58,76,43,34,38,80,52,106,55,119,8,13,8,270,171,52,226,1607,24,24,4
"288",721,"vtsoz",1,8,100,4.5,1.333333333,6,4.333333333,3,4,40,1,59,8,NA,8,NA,4,NA,NA,5,5,4,1,1,2,6,6,6,4,2,3,5,4,4,1,2,2,1,2,1,1,1,2,2,2,2,2,2,2,1,1,1,1,11,111,86,142,59,69,83,56,52,24,16,52,106,56,34,28,82,6,30,8,130,21,19,4,1190,24,24,3
"289",723,"vtsoz",1,4,50,5,2.666666667,5,3,3.666666667,7,70,1,23,7,NA,1,NA,3,NA,NA,5,5,5,4,2,2,5,5,5,4,4,3,3,3,3,1,1,2,1,2,2,2,2,2,1,2,2,2,2,2,2,2,2,2,3,7,36,69,35,34,32,21,33,21,11,17,25,16,14,15,17,3,8,3,73,22,7,3,525,24,24,33
"290",724,"vtsoz",1,4,50,5,2.333333333,5,5,2,5,50,2,63,8,NA,10,NA,8,"Rentner",NA,1,5,5,2,3,2,5,5,5,2,2,2,5,5,5,2,2,2,1,1,2,1,2,1,2,1,2,2,2,2,2,2,2,2,3,9,61,70,11,38,34,17,27,10,11,13,11,7,12,29,10,4,17,5,107,78,NA,NA,584,22,22,47
"291",726,"vtsoz",1,3,38,5,2.333333333,6,4,3,7,70,1,50,7,NA,10,NA,4,NA,NA,1,5,5,2,1,4,6,6,6,4,3,2,4,4,4,2,2,2,1,2,2,1,2,2,2,1,2,2,2,1,2,2,2,2,3155,14,54,79,44,29,33,26,46,22,11,16,40,13,17,6,5,5,4,6,37,26,5,2,546,24,24,43
"292",727,"vtsoz",1,5,63,3,1.333333333,6,2.333333333,3.666666667,8,80,1,28,7,NA,11,NA,3,NA,NA,4,4,2,1,2,1,6,6,6,4,3,4,2,2,3,2,2,2,1,2,2,2,1,2,1,1,2,2,2,1,1,2,1,2,8,16,57,361,44,38,61,38,60,21,36,24,101,44,25,53,37,3,11,3,60,49,22,5,1177,24,24,5
"293",729,"vtsoz",1,4,50,5.5,1.666666667,6,5.333333333,3.666666667,5,50,1,36,7,NA,1,NA,4,NA,NA,4,5,6,1,2,2,6,6,6,5,4,2,5,6,5,2,1,2,1,2,2,1,2,2,2,2,2,2,2,1,2,2,2,1,4,16,41,79,21,52,62,25,44,35,34,36,57,34,44,25,24,3,9,3,24,10,4,3,689,24,24,23
"294",730,"vtsoz",1,3,38,2.5,1.666666667,5.333333333,4,4.333333333,6,60,2,63,8,NA,11,NA,5,NA,NA,5,3,2,2,1,2,5,6,5,5,4,4,4,4,4,2,1,2,1,2,2,1,2,2,2,1,2,2,2,1,2,2,2,2,3,13,80,112,53,49,52,39,51,15,22,47,59,19,14,25,46,4,12,6,83,44,23,7,878,24,24,10
"295",734,"frnd",1,6,75,6,1,5.666666667,5.333333333,3.666666667,9,90,1,22,8,NA,11,NA,3,NA,NA,4,6,6,1,1,1,5,6,6,5,3,3,5,5,6,2,2,2,2,2,2,2,2,2,2,1,2,2,2,1,2,1,1,1,12,9,57,108,60,86,119,230,72,38,20,30,142,81,55,20,37,66,30,9,25,21,9,146,1082,24,24,7
"296",736,"vtsoz",1,8,100,3,3.666666667,6,3,3,5,50,1,54,8,NA,11,NA,6,NA,NA,4,3,3,3,4,4,6,6,6,3,3,3,3,3,3,1,1,2,1,2,2,1,2,2,2,2,2,2,2,2,1,1,1,1,5,49,47,94,46,32,42,37,749,31,38,36,63,33,39,42,34,6,17,7,54,22,NA,NA,833,22,22,4
